0,queri,
1,beard,
2,result,
3,set,
4,passeng,
5,permiss,
6,possibl,
7,power,
8,play,
9,ladi,
10,gentleman,
11,strang,
12,land,
13,god,
14,man,
15,love,
16,smile,
17,face,
18,fill,
19,room,
20,not,
21,pleaser,
22,fever,
23,album,
24,kraterov,
25,titular,
26,councillor,
27,thin,
28,slender,
29,admiralti,
30,spire,
31,step,
32,forward,
33,address,
34,zhmyhov,
35,said,
36,your,
37,excel,
38,move,
39,touch,
40,bottom,
41,our,
42,heart,
43,by,
44,way,
45,you,
46,rule,
47,u,
48,dure,
49,long,
50,year,
51,fatherli,
52,care,
53,cours,
54,more,
55,than,
56,ten,
57,zakusin,
58,prompt,
59,subordin,
60,thi,
61,so,
62,memor,
63,er,
64,day,
65,beg,
66,accept,
67,token,
68,respect,
69,profound,
70,gratitud,
71,with,
72,portrait,
73,it,
74,express,
75,hope,
76,that,
77,durat,
78,distinguish,
79,life,
80,come,
81,die,
82,may,
83,abandon,
84,guidanc,
85,path,
86,justic,
87,progress,
88,ad,
89,wipe,
90,from,
91,brow,
92,perspir,
93,suddenli,
94,appear,
95,he,
96,wa,
97,evid,
98,speak,
99,probabl,
100,speech,
101,readi,
102,wound,
103,standard,
104,fli,
105,career,
106,geniu,
107,industri,
108,social,
109,self,
110,conscious,
111,tear,
112,trickl,
113,down,
114,wrinkl,
115,left,
116,cheek,
117,shake,
118,voic,
119,i,
120,did,
121,expect,
122,idea,
123,were,
124,go,
125,celebr,
126,my,
127,modest,
128,jubile,
129,inde,
130,veri,
131,much,
132,shall,
133,forget,
134,moment,
135,believ,
136,me,
137,friend,
138,one,
139,desir,
140,welfar,
141,if,
142,there,
143,been,
144,anyth,
145,benefit,
146,actual,
147,civil,
148,kiss,
149,who,
150,such,
151,an,
152,honour,
153,turn,
154,pale,
155,delight,
156,then,
157,chief,
158,made,
159,gestur,
160,signifi,
161,could,
162,emot,
163,shed,
164,though,
165,expens,
166,present,
167,him,
168,but,
169,contrari,
170,taken,
171,when,
172,littl,
173,recov,
174,few,
175,word,
176,full,
177,feel,
178,given,
179,everyon,
180,hand,
181,went,
182,downstair,
183,amid,
184,loud,
185,joy,
186,cheer,
187,got,
188,into,
189,carriag,
190,drove,
191,off,
192,follow,
193,their,
194,bless,
195,sat,
196,hi,
197,awar,
198,flood,
199,joyou,
200,never,
201,known,
202,befor,
203,onc,
204,home,
205,new,
206,await,
207,famili,
208,acquaint,
209,prepar,
210,ovat,
211,seem,
212,realli,
213,great,
214,servic,
215,countri,
216,exist,
217,would,
218,perhap,
219,bad,
220,dinner,
221,toast,
222,short,
223,merit,
224,warmli,
225,appreci,
226,dessert,
227,two,
228,hour,
229,ago,
230,recompens,
231,suffer,
232,undergo,
233,servant,
234,say,
235,routin,
236,letter,
237,duti,
238,through,
239,whole,
240,constantli,
241,adher,
242,principl,
243,public,
244,doe,
245,receiv,
246,highest,
247,reward,
248,see,
249,festiv,
250,bent,
251,over,
252,began,
253,examin,
254,s,
255,pretti,
256,daughter,
257,olya,
258,must,
259,cost,
260,fifti,
261,roubl,
262,oh,
263,charm,
264,give,
265,papa,
266,hear,
267,ll,
268,take,
269,after,
270,carri,
271,shut,
272,tabl,
273,drawer,
274,next,
275,she,
276,took,
277,clerk,
278,out,
279,flung,
280,them,
281,floor,
282,put,
283,school,
284,place,
285,govern,
286,uniform,
287,white,
288,pelerin,
289,kolya,
290,son,
291,pick,
292,paint,
293,cloth,
294,red,
295,those,
296,moustach,
297,green,
298,brown,
299,beardless,
300,noth,
301,cut,
302,men,
303,card,
304,board,
305,prick,
306,eye,
307,pin,
308,soldier,
309,fix,
310,match,
311,box,
312,state,
313,father,
314,studi,
315,monument,
316,look,
317,burst,
318,laugh,
319,lurch,
320,tenderli,
321,child,
322,gave,
323,warm,
324,rogu,
325,show,
326,mamma,
327,let,
328,too,
329,ward,
330,hospit,
331,yard,
332,stand,
333,small,
334,lodg,
335,surround,
336,perfect,
337,forest,
338,burdock,
339,nettl,
340,wild,
341,hemp,
342,roof,
343,rusti,
344,chimney,
345,tumbl,
346,front,
347,door,
348,rot,
349,away,
350,overgrown,
351,grass,
352,onli,
353,trace,
354,stucco,
355,back,
356,open,
357,which,
358,separ,
359,grey,
360,fenc,
361,nail,
362,these,
363,point,
364,upward,
365,itself,
366,peculiar,
367,desol,
368,forsaken,
369,found,
370,prison,
371,build,
372,afraid,
373,stung,
374,narrow,
375,footpath,
376,lead,
377,what,
378,insid,
379,first,
380,walk,
381,entri,
382,here,
383,along,
384,wall,
385,stove,
386,everi,
387,sort,
388,rubbish,
389,lie,
390,litter,
391,about,
392,mattress,
393,old,
394,tatter,
395,dress,
396,gown,
397,trouser,
398,blue,
399,stripe,
400,shirt,
401,boot,
402,shoe,
403,good,
404,remnant,
405,pile,
406,heap,
407,mix,
408,crumpl,
409,moulder,
410,sickli,
411,smell,
412,porter,
413,nikita,
414,wear,
415,conduct,
416,alway,
417,pipe,
418,between,
419,teeth,
420,grim,
421,surli,
422,batter,
423,overhang,
424,eyebrow,
425,sheep,
426,dog,
427,stepp,
428,nose,
429,scraggi,
430,impos,
431,deport,
432,fist,
433,vigor,
434,belong,
435,class,
436,simpl,
437,practic,
438,dull,
439,wit,
440,peopl,
441,order,
442,like,
443,disciplin,
444,better,
445,world,
446,convinc,
447,beat,
448,shower,
449,blow,
450,chest,
451,whatev,
452,big,
453,spaciou,
454,except,
455,dirti,
456,ceil,
457,sooti,
458,hut,
459,without,
460,winter,
461,smoke,
462,fume,
463,window,
464,disfigur,
465,iron,
466,grate,
467,wooden,
468,splinter,
469,stench,
470,sour,
471,cabbag,
472,smoulder,
473,wick,
474,bug,
475,ammonia,
476,minut,
477,impress,
478,menageri,
479,bedstead,
480,screw,
481,nightcap,
482,style,
483,sit,
484,lunat,
485,five,
486,upper,
487,rest,
488,artisan,
489,nearest,
490,tall,
491,lean,
492,workman,
493,shine,
494,whisker,
495,stain,
496,head,
497,prop,
498,stare,
499,same,
500,night,
501,griev,
502,sigh,
503,bitterli,
504,part,
505,convers,
506,usual,
507,make,
508,answer,
509,question,
510,eat,
511,drink,
512,mechan,
513,food,
514,offer,
515,agon,
516,throb,
517,cough,
518,flush,
519,judg,
520,stage,
521,consumpt,
522,alert,
523,live,
524,curli,
525,black,
526,hair,
527,negro,
528,or,
529,bed,
530,cross,
531,leg,
532,turk,
533,ceaselessli,
534,bullfinch,
535,whistl,
536,softli,
537,sing,
538,titter,
539,childish,
540,gaieti,
541,charact,
542,also,
543,get,
544,prayer,
545,himself,
546,scratch,
547,finger,
548,jew,
549,moiseika,
550,imbecil,
551,crazi,
552,twenti,
553,hat,
554,factori,
555,burnt,
556,inhabit,
557,allow,
558,even,
559,street,
560,enjoy,
561,privileg,
562,becaus,
563,quiet,
564,harmless,
565,buffoon,
566,town,
567,where,
568,use,
569,boy,
570,wretch,
571,absurd,
572,cap,
573,slipper,
574,sometim,
575,bare,
576,stop,
577,gate,
578,shop,
579,copper,
580,they,
581,will,
582,some,
583,kvass,
584,anoth,
585,bread,
586,gener,
587,goe,
588,rich,
589,well,
590,fed,
591,everyth,
592,bring,
593,own,
594,roughli,
595,angrili,
596,pocket,
597,call,
598,again,
599,breach,
600,regul,
601,wors,
602,companion,
603,water,
604,cover,
605,asleep,
606,promis,
607,each,
608,kopeck,
609,feed,
610,spoon,
611,neighbour,
612,paralyz,
613,act,
614,compass,
615,nor,
616,ani,
617,consider,
618,human,
619,kind,
620,imit,
621,unconsci,
622,domin,
623,gromov,
624,right,
625,ivan,
626,dmitritch,
627,thirti,
628,three,
629,birth,
630,ha,
631,court,
632,usher,
633,provinci,
634,secretari,
635,mania,
636,persecut,
637,either,
638,curl,
639,corner,
640,exercis,
641,rare,
642,excit,
643,agit,
644,overwrought,
645,vagu,
646,undefin,
647,faintest,
648,rustl,
649,shout,
650,enough,
651,rais,
652,begin,
653,listen,
654,whether,
655,time,
656,utmost,
657,uneasi,
658,repuls,
659,broad,
660,high,
661,bone,
662,unhappi,
663,reflect,
664,mirror,
665,soul,
666,torment,
667,conflict,
668,continu,
669,terror,
670,grimac,
671,abnorm,
672,delic,
673,line,
674,genuin,
675,intellig,
676,sen,
677,healthi,
678,light,
679,courteou,
680,anxiou,
681,extraordinarili,
682,gentl,
683,anyon,
684,drop,
685,button,
686,jump,
687,quickli,
688,morn,
689,wish,
690,besid,
691,condit,
692,mad,
693,wrap,
694,trembl,
695,chatter,
696,rapidli,
697,violent,
698,glanc,
699,seen,
700,someth,
701,import,
702,appar,
703,understand,
704,impati,
705,pace,
706,soon,
707,fervent,
708,passion,
709,talk,
710,disord,
711,feverish,
712,delirium,
713,disconnect,
714,other,
715,extrem,
716,fine,
717,felt,
718,both,
719,recogn,
720,difficult,
721,reproduc,
722,paper,
723,insan,
724,base,
725,mankind,
726,violenc,
727,trampl,
728,gloriou,
729,upon,
730,earth,
731,remind,
732,stupid,
733,cruelti,
734,oppressor,
735,disorderli,
736,incoher,
737,potpourri,
738,theme,
739,yet,
740,date,
741,ii,
742,twelv,
743,fifteen,
744,offici,
745,highli,
746,prosper,
747,person,
748,hous,
749,princip,
750,sergey,
751,student,
752,fourth,
753,ill,
754,gallop,
755,death,
756,seri,
757,calam,
758,within,
759,week,
760,funer,
761,trial,
762,fraud,
763,misappropri,
764,typhoid,
765,afterward,
766,sold,
767,auction,
768,mother,
769,entir,
770,mean,
771,hitherto,
772,lifetim,
773,univers,
774,petersburg,
775,sixti,
776,seventi,
777,month,
778,no,
779,concept,
780,poverti,
781,now,
782,abrupt,
783,chang,
784,spend,
785,lesson,
786,work,
787,copi,
788,hungri,
789,earn,
790,sent,
791,keep,
792,lost,
793,strength,
794,interest,
795,obtain,
796,post,
797,teacher,
798,district,
799,colleagu,
800,six,
801,becam,
802,kept,
803,until,
804,dismiss,
805,owe,
806,young,
807,perfectli,
808,catch,
809,cold,
810,ate,
811,slept,
812,badli,
813,singl,
814,glass,
815,wine,
816,hyster,
817,crave,
818,societi,
819,irrit,
820,tempera,
821,suspici,
822,intim,
823,spoke,
824,contempt,
825,fellow,
826,townsman,
827,coars,
828,ignor,
829,sleepi,
830,anim,
831,loathsom,
832,horribl,
833,tenor,
834,heat,
835,invari,
836,scorn,
837,indign,
838,wonder,
839,enthusiasm,
840,sincer,
841,brought,
842,round,
843,subject,
844,stifl,
845,townspeopl,
846,lofti,
847,dingi,
848,meaningless,
849,diversifi,
850,profligaci,
851,hypocrisi,
852,scoundrel,
853,while,
854,honest,
855,mouth,
856,need,
857,local,
858,theatr,
859,lectur,
860,co,
861,ordin,
862,intellectu,
863,element,
864,fail,
865,horrifi,
866,critic,
867,laid,
868,colour,
869,thick,
870,shade,
871,divid,
872,woman,
873,spite,
874,sever,
875,judgment,
876,nervous,
877,behind,
878,spoken,
879,affection,
880,vanya,
881,innat,
882,refin,
883,breed,
884,moral,
885,puriti,
886,shabbi,
887,coat,
888,frail,
889,misfortun,
890,arous,
891,sorrow,
892,moreov,
893,educ,
894,read,
895,accord,
896,notion,
897,knew,
898,encyclopedia,
899,deal,
900,club,
901,pull,
902,magazin,
903,book,
904,devour,
905,page,
906,digest,
907,suppos,
908,morbid,
909,habit,
910,fell,
911,came,
912,equal,
913,avid,
914,last,
915,newspap,
916,calendar,
917,iii,
918,autumn,
919,collar,
920,greatcoat,
921,splash,
922,mud,
923,side,
924,lane,
925,collect,
926,payment,
927,gloomi,
928,mood,
929,met,
930,convict,
931,fetter,
932,four,
933,rifl,
934,charg,
935,often,
936,discomfort,
937,meet,
938,reason,
939,might,
940,led,
941,visit,
942,near,
943,offic,
944,polic,
945,superintend,
946,greet,
947,unaccount,
948,inward,
949,prevent,
950,concentr,
951,mind,
952,lamp,
953,sleep,
954,think,
955,arrest,
956,thrown,
957,know,
958,harm,
959,done,
960,certain,
961,guilti,
962,murder,
963,arson,
964,theft,
965,futur,
966,easi,
967,commit,
968,crime,
969,accid,
970,fals,
971,miscarriag,
972,agelong,
973,experi,
974,teach,
975,beggari,
976,none,
977,safe,
978,judici,
979,mistak,
980,legal,
981,proceed,
982,nowaday,
983,profession,
984,relat,
985,instanc,
986,doctor,
987,grow,
988,callou,
989,cannot,
990,formal,
991,attitud,
992,client,
993,differ,
994,peasant,
995,slaughter,
996,calv,
997,notic,
998,blood,
999,soulless,
1000,thing,
1001,depriv,
1002,innoc,
1003,properti,
1004,condemn,
1005,penal,
1006,servitud,
1007,spent,
1008,perform,
1009,paid,
1010,salari,
1011,vain,
1012,protect,
1013,hundr,
1014,mile,
1015,railway,
1016,station,
1017,ration,
1018,consist,
1019,necess,
1020,merci,
1021,verdict,
1022,acquitt,
1023,forth,
1024,outburst,
1025,dissatisfi,
1026,reveng,
1027,horror,
1028,forehead,
1029,complet,
1030,sinc,
1031,thought,
1032,yesterday,
1033,haunt,
1034,truth,
1035,ground,
1036,policeman,
1037,slowli,
1038,pas,
1039,still,
1040,silent,
1041,whi,
1042,spi,
1043,detect,
1044,midday,
1045,pair,
1046,hors,
1047,estat,
1048,depart,
1049,fanci,
1050,drive,
1051,especi,
1052,hast,
1053,announc,
1054,crimin,
1055,start,
1056,ring,
1057,bell,
1058,knock,
1059,whenev,
1060,landladi,
1061,gendarm,
1062,unconcern,
1063,success,
1064,snore,
1065,loudli,
1066,deep,
1067,meant,
1068,sting,
1069,conscienc,
1070,piec,
1071,fact,
1072,common,
1073,persuad,
1074,nonsens,
1075,matter,
1076,broadli,
1077,terribl,
1078,imprison,
1079,ea,
1080,sensibl,
1081,logic,
1082,acut,
1083,mental,
1084,distress,
1085,compar,
1086,stori,
1087,hermit,
1088,tri,
1089,dwell,
1090,virgin,
1091,zealous,
1092,axe,
1093,thicker,
1094,grew,
1095,end,
1096,useless,
1097,altogeth,
1098,despair,
1099,avoid,
1100,seek,
1101,solitud,
1102,distast,
1103,unbear,
1104,somehow,
1105,troubl,
1106,bribe,
1107,unnot,
1108,denounc,
1109,accident,
1110,fraudul,
1111,lose,
1112,money,
1113,imagin,
1114,agil,
1115,invent,
1116,thousand,
1117,serious,
1118,freedom,
1119,outer,
1120,particular,
1121,fainter,
1122,memori,
1123,spring,
1124,snow,
1125,melt,
1126,ravin,
1127,cemeteri,
1128,half,
1129,decompos,
1130,corp,
1131,bodi,
1132,bear,
1133,unknown,
1134,declar,
1135,greater,
1136,weak,
1137,defenceless,
1138,duplic,
1139,exhaust,
1140,decid,
1141,posit,
1142,best,
1143,hide,
1144,cellar,
1145,fear,
1146,wait,
1147,till,
1148,dusk,
1149,stole,
1150,secretli,
1151,thief,
1152,stood,
1153,middl,
1154,daybreak,
1155,stir,
1156,earli,
1157,sunris,
1158,mend,
1159,kitchen,
1160,told,
1161,disguis,
1162,slip,
1163,stealthili,
1164,flat,
1165,overcom,
1166,ran,
1167,race,
1168,bark,
1169,somewher,
1170,wind,
1171,ear,
1172,forc,
1173,mass,
1174,togeth,
1175,chase,
1176,andrey,
1177,yefimitch,
1178,whom,
1179,hereaft,
1180,prescrib,
1181,compress,
1182,laurel,
1183,shook,
1184,tell,
1185,should,
1186,interfer,
1187,nurs,
1188,vener,
1189,patient,
1190,whim,
1191,disturb,
1192,transfer,
1193,forgotten,
1194,sledg,
1195,iv,
1196,alreadi,
1197,roll,
1198,fat,
1199,almost,
1200,spheric,
1201,blankli,
1202,utterli,
1203,devoid,
1204,motionless,
1205,glutton,
1206,unclean,
1207,acrid,
1208,clean,
1209,spare,
1210,dread,
1211,beaten,
1212,stupefi,
1213,creatur,
1214,respond,
1215,sound,
1216,movement,
1217,sway,
1218,heavi,
1219,barrel,
1220,fifth,
1221,sorter,
1222,thinnish,
1223,fair,
1224,natur,
1225,rather,
1226,sli,
1227,clear,
1228,calm,
1229,pleasant,
1230,agreeabl,
1231,secret,
1232,under,
1233,pillow,
1234,stolen,
1235,modesti,
1236,breast,
1237,bend,
1238,confus,
1239,snatch,
1240,guess,
1241,congratul,
1242,stanislav,
1243,second,
1244,degre,
1245,star,
1246,foreign,
1247,want,
1248,shrug,
1249,shoulder,
1250,perplex,
1251,confess,
1252,don,
1253,t,
1254,repli,
1255,moro,
1256,attain,
1257,sooner,
1258,later,
1259,former,
1260,persist,
1261,slyli,
1262,certainli,
1263,swedish,
1264,polar,
1265,worth,
1266,ribbon,
1267,beauti,
1268,monoton,
1269,the,
1270,paralyt,
1271,wash,
1272,tab,
1273,themselv,
1274,skirt,
1275,tea,
1276,tin,
1277,mug,
1278,main,
1279,soup,
1280,boil,
1281,grain,
1282,supper,
1283,interv,
1284,fresh,
1285,case,
1286,fond,
1287,asylum,
1288,semyon,
1289,lazaritch,
1290,barber,
1291,how,
1292,help,
1293,trepid,
1294,arriv,
1295,drunken,
1296,describ,
1297,rumour,
1298,howev,
1299,circul,
1300,late,
1301,begun,
1302,v,
1303,dr,
1304,ragin,
1305,religi,
1306,cleric,
1307,finish,
1308,intend,
1309,enter,
1310,theolog,
1311,academi,
1312,surgeon,
1313,medicin,
1314,jeer,
1315,blank,
1316,disown,
1317,priest,
1318,far,
1319,true,
1320,scienc,
1321,medic,
1322,faculti,
1323,priesthood,
1324,special,
1325,devout,
1326,exterior,
1327,clumsi,
1328,figur,
1329,suggest,
1330,overf,
1331,intemper,
1332,harsh,
1333,innkeep,
1334,highroad,
1335,vein,
1336,height,
1337,huge,
1338,foot,
1339,soft,
1340,cautiou,
1341,insinu,
1342,passag,
1343,bass,
1344,pardon,
1345,swell,
1346,neck,
1347,stiff,
1348,starch,
1349,linen,
1350,cotton,
1351,suit,
1352,buy,
1353,jewish,
1354,dine,
1355,pay,
1356,due,
1357,niggardli,
1358,careless,
1359,institut,
1360,glori,
1361,hardli,
1362,breath,
1363,courtyard,
1364,complain,
1365,beetl,
1366,mouse,
1367,surgic,
1368,free,
1369,erysipela,
1370,scalpel,
1371,thermomet,
1372,potato,
1373,bath,
1374,housekeep,
1375,assist,
1376,rob,
1377,predecessor,
1378,alcohol,
1379,regular,
1380,harem,
1381,femal,
1382,exagger,
1383,calmli,
1384,justifi,
1385,couldn,
1386,woodcock,
1387,excus,
1388,alon,
1389,zemstvo,
1390,maintain,
1391,thank,
1392,poor,
1393,newli,
1394,form,
1395,infirmari,
1396,neighbourhood,
1397,reli,
1398,conclus,
1399,immor,
1400,prejudici,
1401,health,
1402,opinion,
1403,most,
1404,close,
1405,physic,
1406,impur,
1407,driven,
1408,wither,
1409,superstit,
1410,nasti,
1411,abomin,
1412,daili,
1413,necessari,
1414,process,
1415,just,
1416,manur,
1417,origin,
1418,undertook,
1419,greatli,
1420,concern,
1421,irregular,
1422,ask,
1423,attend,
1424,cupboard,
1425,instrument,
1426,remain,
1427,unchang,
1428,honesti,
1429,intens,
1430,belief,
1431,organ,
1432,absolut,
1433,unabl,
1434,forbid,
1435,insist,
1436,vow,
1437,imper,
1438,fetch,
1439,meal,
1440,hesitatingli,
1441,cook,
1442,leav,
1443,steal,
1444,abolish,
1445,unnecessari,
1446,parasit,
1447,beyond,
1448,deceiv,
1449,flatter,
1450,account,
1451,sign,
1452,crab,
1453,rough,
1454,mutter,
1455,guiltili,
1456,misunderstand,
1457,saw,
1458,oper,
1459,confin,
1460,attent,
1461,clever,
1462,diagnos,
1463,diseas,
1464,unmistak,
1465,weari,
1466,monotoni,
1467,obviou,
1468,morrow,
1469,increas,
1470,forti,
1471,mortal,
1472,decreas,
1473,real,
1474,decept,
1475,simpli,
1476,treat,
1477,imposs,
1478,asid,
1479,philosophi,
1480,pedant,
1481,abov,
1482,cleanli,
1483,ventil,
1484,instead,
1485,dirt,
1486,wholesom,
1487,nourish,
1488,broth,
1489,stink,
1490,thiev,
1491,hinder,
1492,normal,
1493,legitim,
1494,gain,
1495,keeper,
1496,extra,
1497,aim,
1498,drug,
1499,allevi,
1500,learn,
1501,pill,
1502,religion,
1503,mere,
1504,happi,
1505,pushkin,
1506,agoni,
1507,hein,
1508,lay,
1509,matryona,
1510,savishna,
1511,empti,
1512,amoeba,
1513,oppress,
1514,relax,
1515,effort,
1516,vi,
1517,eight,
1518,o,
1519,clock,
1520,drank,
1521,dark,
1522,corridor,
1523,tramp,
1524,brick,
1525,gaunt,
1526,dead,
1527,vessel,
1528,filth,
1529,cri,
1530,draught,
1531,tortur,
1532,impression,
1533,consult,
1534,sergeyitch,
1535,plump,
1536,shaven,
1537,smooth,
1538,manner,
1539,loo,
1540,senat,
1541,immens,
1542,wore,
1543,tie,
1544,consid,
1545,profici,
1546,larg,
1547,ikon,
1548,shrine,
1549,candl,
1550,hung,
1551,bishop,
1552,view,
1553,svyatogorski,
1554,monasteri,
1555,wreath,
1556,dri,
1557,cornflow,
1558,solemn,
1559,decorum,
1560,instruct,
1561,hymn,
1562,prais,
1563,sunday,
1564,censer,
1565,burn,
1566,incens,
1567,mani,
1568,brief,
1569,administr,
1570,castor,
1571,oil,
1572,volatil,
1573,ointment,
1574,rub,
1575,pain,
1576,pray,
1577,ye,
1578,sight,
1579,upset,
1580,throat,
1581,defend,
1582,nois,
1583,motion,
1584,timid,
1585,proxim,
1586,piou,
1587,absenc,
1588,privat,
1589,interrupt,
1590,immedi,
1591,reach,
1592,abod,
1593,histori,
1594,subscrib,
1595,break,
1596,impuls,
1597,past,
1598,paus,
1599,find,
1600,decant,
1601,vodka,
1602,salt,
1603,cucumb,
1604,pickl,
1605,appl,
1606,plate,
1607,baiz,
1608,pour,
1609,bite,
1610,bit,
1611,cautious,
1612,daryushka,
1613,untidili,
1614,serv,
1615,arm,
1616,fold,
1617,strike,
1618,occasion,
1619,creak,
1620,isn,
1621,beer,
1622,anxious,
1623,toward,
1624,postmast,
1625,mihail,
1626,averyanitch,
1627,whose,
1628,bore,
1629,landown,
1630,calvari,
1631,ruin,
1632,job,
1633,hale,
1634,hearti,
1635,luxuri,
1636,bred,
1637,hot,
1638,temper,
1639,protest,
1640,disagr,
1641,argu,
1642,crimson,
1643,thunder,
1644,hold,
1645,tongu,
1646,reput,
1647,cultur,
1648,supercili,
1649,dear,
1650,bound,
1651,sick,
1652,aren,
1653,glad,
1654,sofa,
1655,silenc,
1656,bottl,
1657,brood,
1658,gay,
1659,piti,
1660,quietli,
1661,capabl,
1662,rise,
1663,vulgar,
1664,level,
1665,develop,
1666,assur,
1667,higher,
1668,lower,
1669,agre,
1670,deliber,
1671,insignific,
1672,uninterest,
1673,spiritu,
1674,manifest,
1675,intellect,
1676,draw,
1677,sharp,
1678,divin,
1679,latter,
1680,extent,
1681,immort,
1682,consequ,
1683,sourc,
1684,quit,
1685,apt,
1686,comparison,
1687,print,
1688,score,
1689,deject,
1690,doorway,
1691,eh,
1692,entertain,
1693,russia,
1694,friendship,
1695,lend,
1696,iou,
1697,disgrac,
1698,comrad,
1699,campaign,
1700,adventur,
1701,skirmish,
1702,caucasu,
1703,marvel,
1704,wife,
1705,battalion,
1706,command,
1707,queer,
1708,mountain,
1709,guid,
1710,affair,
1711,princel,
1712,nativ,
1713,villag,
1714,queen,
1715,heaven,
1716,holi,
1717,desper,
1718,liber,
1719,muse,
1720,sip,
1721,dream,
1722,influenc,
1723,becom,
1724,obey,
1725,centr,
1726,member,
1727,transient,
1728,etern,
1729,cherish,
1730,partial,
1731,vexati,
1732,trap,
1733,matur,
1734,escap,
1735,summon,
1736,choic,
1737,fortuit,
1738,circumst,
1739,non,
1740,object,
1741,held,
1742,analysi,
1743,interchang,
1744,proud,
1745,replac,
1746,doubt,
1747,myself,
1748,fogey,
1749,won,
1750,nine,
1751,fur,
1752,wilder,
1753,fate,
1754,to,
1755,ech,
1756,vii,
1757,broken,
1758,gradual,
1759,brain,
1760,convolut,
1761,destin,
1762,soil,
1763,crust,
1764,million,
1765,sun,
1766,godlik,
1767,mockeri,
1768,clay,
1769,transmut,
1770,substanc,
1771,cowardic,
1772,comfort,
1773,oneself,
1774,cheap,
1775,substitut,
1776,anyway,
1777,coward,
1778,digniti,
1779,stone,
1780,toad,
1781,prophesi,
1782,brilliant,
1783,preciou,
1784,violin,
1785,struck,
1786,sink,
1787,chair,
1788,unawar,
1789,recal,
1790,hate,
1791,float,
1792,cool,
1793,someon,
1794,war,
1795,insect,
1796,infect,
1797,moan,
1798,tight,
1799,bandag,
1800,yearli,
1801,return,
1802,scandal,
1803,gossip,
1804,gross,
1805,quackeri,
1806,injuri,
1807,bar,
1808,alm,
1809,magic,
1810,overtaken,
1811,alchemi,
1812,metaphys,
1813,unexpect,
1814,brillianc,
1815,revolut,
1816,antisept,
1817,system,
1818,pirogov,
1819,spe,
1820,ordinari,
1821,ventur,
1822,resect,
1823,kneecap,
1824,abdomin,
1825,per,
1826,cent,
1827,fatal,
1828,trifl,
1829,write,
1830,radic,
1831,cure,
1832,syphili,
1833,discov,
1834,theori,
1835,hered,
1836,hypnot,
1837,discoveri,
1838,pasteur,
1839,koch,
1840,hygien,
1841,statist,
1842,psychiatri,
1843,modern,
1844,classif,
1845,method,
1846,diagnosi,
1847,treatment,
1848,elboru,
1849,longer,
1850,strait,
1851,waistcoat,
1852,ball,
1853,tast,
1854,mayor,
1855,council,
1856,illiter,
1857,tradesman,
1858,oracl,
1859,molten,
1860,torn,
1861,bastil,
1862,essenti,
1863,realiti,
1864,alter,
1865,vaniti,
1866,vienna,
1867,clinic,
1868,depress,
1869,akin,
1870,envi,
1871,indiffer,
1872,sank,
1873,softer,
1874,pernici,
1875,inevit,
1876,evil,
1877,dishonesti,
1878,blame,
1879,born,
1880,bedroom,
1881,viii,
1882,addit,
1883,yevgeni,
1884,fyodoritch,
1885,hobotov,
1886,invit,
1887,forefath,
1888,alien,
1889,farth,
1890,portmanteau,
1891,plain,
1892,babi,
1893,peak,
1894,sheepskin,
1895,treasur,
1896,aloof,
1897,aristocrat,
1898,latest,
1899,prescript,
1900,billiard,
1901,endless,
1902,bobberi,
1903,cant,
1904,soap,
1905,finick,
1906,twice,
1907,cup,
1908,rous,
1909,introduc,
1910,offend,
1911,regard,
1912,rascal,
1913,suspect,
1914,ix,
1915,march,
1916,starl,
1917,garden,
1918,booti,
1919,thrust,
1920,golosh,
1921,bag,
1922,shiver,
1923,refus,
1924,ankl,
1925,wet,
1926,disgust,
1927,bald,
1928,mildli,
1929,provid,
1930,inform,
1931,plea,
1932,name,
1933,elbow,
1934,alarm,
1935,unfamiliar,
1936,anger,
1937,wrath,
1938,road,
1939,broke,
1940,cur,
1941,reptil,
1942,shriek,
1943,stamp,
1944,frenzi,
1945,kill,
1946,drown,
1947,midden,
1948,pit,
1949,gentli,
1950,menac,
1951,air,
1952,convuls,
1953,lip,
1954,spit,
1955,quack,
1956,hangman,
1957,yourself,
1958,angri,
1959,coolli,
1960,dozen,
1961,madman,
1962,incap,
1963,sane,
1964,scapegoat,
1965,rabbl,
1966,immeasur,
1967,inferior,
1968,depend,
1969,chanc,
1970,stay,
1971,neither,
1972,idl,
1973,twaddl,
1974,hollow,
1975,search,
1976,presenc,
1977,singsong,
1978,yiddish,
1979,quiver,
1980,detain,
1981,aw,
1982,sooth,
1983,run,
1984,unhappili,
1985,derang,
1986,otherwis,
1987,inconveni,
1988,invinc,
1989,resign,
1990,madhous,
1991,third,
1992,distant,
1993,jest,
1994,sure,
1995,sir,
1996,cheapli,
1997,dawn,
1998,triumph,
1999,perish,
2000,grandson,
2001,rejoic,
2002,onward,
2003,stretch,
2004,hurrah,
2005,theatric,
2006,law,
2007,magnific,
2008,coffin,
2009,hole,
2010,somebodi,
2011,dostoevski,
2012,voltair,
2013,firmli,
2014,observ,
2015,pleasur,
2016,faith,
2017,happili,
2018,presum,
2019,tranquil,
2020,strive,
2021,comprehens,
2022,foolish,
2023,bustl,
2024,ever,
2025,posse,
2026,threefold,
2027,diogen,
2028,tub,
2029,happier,
2030,king,
2031,blockhead,
2032,leap,
2033,overwhelm,
2034,thirst,
2035,phantom,
2036,music,
2037,wood,
2038,seashor,
2039,news,
2040,happen,
2041,appallingli,
2042,recent,
2043,low,
2044,cad,
2045,stagnat,
2046,capit,
2047,citi,
2048,send,
2049,unlucki,
2050,review,
2051,written,
2052,abroad,
2053,tendenc,
2054,clutch,
2055,rude,
2056,devil,
2057,heav,
2058,stuffi,
2059,woke,
2060,rememb,
2061,determin,
2062,x,
2063,previou,
2064,drawn,
2065,visibl,
2066,articul,
2067,peac,
2068,offenc,
2069,awkwardli,
2070,utter,
2071,fit,
2072,ironi,
2073,probe,
2074,el,
2075,test,
2076,stool,
2077,reproach,
2078,treacher,
2079,betray,
2080,banish,
2081,settlement,
2082,effect,
2083,afternoon,
2084,bright,
2085,muddi,
2086,nice,
2087,awak,
2088,snug,
2089,decent,
2090,headach,
2091,insuffer,
2092,listless,
2093,unwillingli,
2094,twitch,
2095,split,
2096,content,
2097,outsid,
2098,extern,
2099,preach,
2100,greec,
2101,fragrant,
2102,scent,
2103,pomegran,
2104,climat,
2105,orang,
2106,oliv,
2107,d,
2108,indoor,
2109,decemb,
2110,doubl,
2111,insens,
2112,marcu,
2113,aureliu,
2114,vivid,
2115,ceas,
2116,disappear,
2117,wise,
2118,precis,
2119,surpris,
2120,idiot,
2121,discont,
2122,wrong,
2123,repeat,
2124,frown,
2125,intern,
2126,creat,
2127,nerv,
2128,tissu,
2129,react,
2130,stimulu,
2131,outcri,
2132,loath,
2133,le,
2134,sensit,
2135,feebli,
2136,respons,
2137,despis,
2138,be,
2139,harden,
2140,sage,
2141,philosoph,
2142,stoic,
2143,parodi,
2144,remark,
2145,doctrin,
2146,crystal,
2147,advanc,
2148,inch,
2149,minor,
2150,savour,
2151,rumin,
2152,major,
2153,advoc,
2154,wealth,
2155,unintellig,
2156,vast,
2157,sensat,
2158,hunger,
2159,hamlet,
2160,struggl,
2161,capac,
2162,thread,
2163,vexat,
2164,slaveri,
2165,redeem,
2166,destruct,
2167,sake,
2168,christ,
2169,weep,
2170,miseri,
2171,gethseman,
2172,grant,
2173,ought,
2174,compet,
2175,thrash,
2176,childhood,
2177,parent,
2178,avers,
2179,corpor,
2180,punish,
2181,flog,
2182,cruelli,
2183,yellow,
2184,scare,
2185,strong,
2186,a,
2187,bull,
2188,wing,
2189,sinecur,
2190,rent,
2191,flabbi,
2192,lazi,
2193,arrang,
2194,warmth,
2195,save,
2196,amus,
2197,booz,
2198,theoret,
2199,russian,
2200,sluggard,
2201,injur,
2202,drunk,
2203,unseemli,
2204,toothach,
2205,advic,
2206,fantast,
2207,conveni,
2208,breadth,
2209,vision,
2210,fakir,
2211,drowsi,
2212,stupefact,
2213,pinch,
2214,howl,
2215,top,
2216,shouldn,
2217,dare,
2218,stroke,
2219,paralysi,
2220,fool,
2221,bulli,
2222,advantag,
2223,rank,
2224,insult,
2225,impun,
2226,inclin,
2227,sketch,
2228,ve,
2229,gracious,
2230,xi,
2231,design,
2232,openli,
2233,hostil,
2234,condescend,
2235,sergevitch,
2236,conceiv,
2237,action,
2238,perturb,
2239,definit,
2240,june,
2241,gone,
2242,heard,
2243,succeed,
2244,convert,
2245,leech,
2246,frankli,
2247,superior,
2248,ambit,
2249,regret,
2250,bond,
2251,senseless,
2252,ineptitud,
2253,compani,
2254,bow,
2255,helpless,
2256,grin,
2257,accompani,
2258,chump,
2259,lord,
2260,sinner,
2261,decor,
2262,scrupul,
2263,puddl,
2264,polish,
2265,xii,
2266,mysteri,
2267,around,
2268,inquisit,
2269,whisper,
2270,masha,
2271,advis,
2272,directli,
2273,hint,
2274,regiment,
2275,regain,
2276,occas,
2277,liquor,
2278,recommend,
2279,bromid,
2280,august,
2281,busi,
2282,hall,
2283,militari,
2284,surnam,
2285,pronounc,
2286,pedigre,
2287,stud,
2288,farm,
2289,dispensari,
2290,least,
2291,unproduct,
2292,expenditur,
2293,space,
2294,submit,
2295,built,
2296,superflu,
2297,staff,
2298,model,
2299,briskli,
2300,supervis,
2301,assent,
2302,apathet,
2303,lustreless,
2304,embarrass,
2305,across,
2306,danc,
2307,crowd,
2308,refresh,
2309,wast,
2310,vital,
2311,energi,
2312,worthi,
2313,petti,
2314,tone,
2315,consciou,
2316,lack,
2317,skill,
2318,prophet,
2319,overcoat,
2320,understood,
2321,committe,
2322,appoint,
2323,enquir,
2324,patholog,
2325,explan,
2326,crass,
2327,affect,
2328,nobil,
2329,profess,
2330,compel,
2331,conceal,
2332,blurt,
2333,distract,
2334,holiday,
2335,sniff,
2336,atmospher,
2337,jaunt,
2338,abruptli,
2339,establish,
2340,moscow,
2341,warsaw,
2342,happiest,
2343,xiii,
2344,sky,
2345,transpar,
2346,distanc,
2347,properli,
2348,driver,
2349,slow,
2350,har,
2351,poland,
2352,wide,
2353,bother,
2354,train,
2355,travel,
2356,motiv,
2357,economi,
2358,compart,
2359,seat,
2360,appal,
2361,swindl,
2362,ride,
2363,harvest,
2364,drain,
2365,pinsk,
2366,marsh,
2367,laughter,
2368,egoist,
2369,epaulett,
2370,braid,
2371,salut,
2372,characterist,
2373,waiter,
2374,hesit,
2375,maidserv,
2376,undercloth,
2377,familiar,
2378,mode,
2379,footman,
2380,indiscrimin,
2381,iverski,
2382,madonna,
2383,easier,
2384,imag,
2385,purs,
2386,kremlin,
2387,tsar,
2388,cannon,
2389,admir,
2390,river,
2391,st,
2392,saviour,
2393,rumyantsev,
2394,museum,
2395,tyestov,
2396,menu,
2397,gourmand,
2398,accustom,
2399,restaur,
2400,angel,
2401,xiv,
2402,annoy,
2403,endur,
2404,clench,
2405,franc,
2406,germani,
2407,qualiti,
2408,outward,
2409,buzz,
2410,palpit,
2411,delicaci,
2412,fortun,
2413,hotel,
2414,relief,
2415,fallen,
2416,generos,
2417,friendli,
2418,absent,
2419,vex,
2420,attun,
2421,seriou,
2422,implor,
2423,entreat,
2424,against,
2425,furiou,
2426,obstin,
2427,spirit,
2428,tousl,
2429,tragic,
2430,accurs,
2431,babylon,
2432,count,
2433,shame,
2434,flop,
2435,austrian,
2436,novemb,
2437,apart,
2438,quarrel,
2439,crawl,
2440,knee,
2441,forgiv,
2442,timidli,
2443,indiscreet,
2444,dispos,
2445,eighti,
2446,accumul,
2447,beggar,
2448,embrac,
2449,xv,
2450,lover,
2451,rowdi,
2452,reduc,
2453,demand,
2454,uncomfort,
2455,satisfact,
2456,grip,
2457,detail,
2458,catalogu,
2459,gum,
2460,label,
2461,tediou,
2462,lull,
2463,peel,
2464,buckwheat,
2465,saturday,
2466,church,
2467,melancholi,
2468,unusu,
2469,humour,
2470,bade,
2471,damn,
2472,favour,
2473,solitari,
2474,hell,
2475,trivial,
2476,mortifi,
2477,pension,
2478,honestli,
2479,distinct,
2480,contemporari,
2481,bestow,
2482,grade,
2483,asham,
2484,sum,
2485,revolt,
2486,rhubarb,
2487,constrainedli,
2488,recoveri,
2489,conclud,
2490,hopeless,
2491,repaid,
2492,debt,
2493,constrain,
2494,louder,
2495,amusingli,
2496,anecdot,
2497,descript,
2498,rankl,
2499,risen,
2500,mount,
2501,earthli,
2502,globe,
2503,rock,
2504,shopkeep,
2505,wearisom,
2506,scarc,
2507,shamefac,
2508,repay,
2509,xvi,
2510,heavili,
2511,jolli,
2512,yawn,
2513,reassuringli,
2514,slap,
2515,summer,
2516,horseback,
2517,trot,
2518,wed,
2519,wink,
2520,marri,
2521,polit,
2522,unlik,
2523,blush,
2524,amaz,
2525,bewilder,
2526,stagger,
2527,crash,
2528,frame,
2529,guest,
2530,calmer,
2531,occur,
2532,tact,
2533,apolog,
2534,press,
2535,bygon,
2536,lyubavkin,
2537,postman,
2538,regist,
2539,joke,
2540,attack,
2541,frighten,
2542,unfavour,
2543,uncleanli,
2544,proper,
2545,ourselv,
2546,mauvai,
2547,ton,
2548,fulli,
2549,sympathi,
2550,glitter,
2551,sham,
2552,enchant,
2553,circl,
2554,manli,
2555,experienc,
2556,kidney,
2557,enlarg,
2558,meanwhil,
2559,escort,
2560,join,
2561,outing,
2562,enabl,
2563,opportun,
2564,fault,
2565,reconcil,
2566,allud,
2567,scene,
2568,uncultur,
2569,invalid,
2570,lung,
2571,complic,
2572,underton,
2573,stethoscop,
2574,xvii,
2575,unto,
2576,underlinen,
2577,obvious,
2578,undress,
2579,smelt,
2580,fish,
2581,gather,
2582,costum,
2583,watch,
2584,notebook,
2585,cigarett,
2586,incomprehens,
2587,miser,
2588,sweat,
2589,sleev,
2590,palm,
2591,spat,
2592,lazili,
2593,malici,
2594,mock,
2595,aha,
2596,huski,
2597,suck,
2598,grumbl,
2599,bitter,
2600,compens,
2601,apotheosi,
2602,opera,
2603,drag,
2604,ugh,
2605,ghost,
2606,xviii,
2607,horizon,
2608,moon,
2609,flame,
2610,char,
2611,decay,
2612,yield,
2613,paltriest,
2614,malign,
2615,paltri,
2616,satisfi,
2617,altern,
2618,filthi,
2619,among,
2620,mustard,
2621,plaster,
2622,statesman,
2623,boldli,
2624,soundli,
2625,prostrat,
2626,drew,
2627,milk,
2628,approach,
2629,resent,
2630,realiz,
2631,bedtim,
2632,m,
2633,forbidden,
2634,peremptorili,
2635,clearli,
2636,outrag,
2637,tyranni,
2638,encourag,
2639,brute,
2640,bang,
2641,anyhow,
2642,forgiven,
2643,choke,
2644,hoar,
2645,dash,
2646,shove,
2647,swung,
2648,punch,
2649,wave,
2650,envelop,
2651,downward,
2652,swim,
2653,hit,
2654,scream,
2655,faint,
2656,moonlight,
2657,shadow,
2658,net,
2659,sickl,
2660,bowel,
2661,chao,
2662,flash,
2663,inexor,
2664,crown,
2665,heel,
2666,gasp,
2667,tore,
2668,xix,
2669,ach,
2670,drone,
2671,cowardli,
2672,quarter,
2673,pound,
2674,fruit,
2675,pastil,
2676,grief,
2677,fumig,
2678,apoplect,
2679,penetr,
2680,tip,
2681,strain,
2682,stomach,
2683,instant,
2684,herd,
2685,deer,
2686,grace,
2687,vanish,
2688,oblivion,
2689,chapel,
2690,piousli,
2691,crucifix,
2692,buri,
2693,enigmat,
2694,velvet,
2695,reclin,
2696,fluffi,
2697,fan,
2698,tightli,
2699,pinc,
2700,nez,
2701,brooch,
2702,fall,
2703,bosom,
2704,boat,
2705,ocean,
2706,opposit,
2707,commiss,
2708,bud,
2709,author,
2710,publish,
2711,novelli,
2712,provinc,
2713,gaze,
2714,intent,
2715,connoisseur,
2716,fathom,
2717,psycholog,
2718,inmost,
2719,depth,
2720,bracelet,
2721,maze,
2722,terrif,
2723,titan,
2724,triumphant,
2725,voldemar,
2726,mourn,
2727,vari,
2728,chequer,
2729,reveal,
2730,hapless,
2731,psychologist,
2732,beseech,
2733,age,
2734,environ,
2735,vou,
2736,comprenez,
2737,gambl,
2738,ah,
2739,monstrou,
2740,novel,
2741,error,
2742,youth,
2743,flutter,
2744,vacil,
2745,exquisit,
2746,murmur,
2747,raskolnikov,
2748,renown,
2749,commonplac,
2750,yearn,
2751,extraordinari,
2752,lot,
2753,sacrific,
2754,renunci,
2755,restor,
2756,abl,
2757,fought,
2758,nobli,
2759,ador,
2760,lachrymos,
2761,bird,
2762,tap,
2763,partner,
2764,uphold,
2765,ideal,
2766,ignobl,
2767,obstacl,
2768,anguish,
2769,ponder,
2770,master,
2771,engin,
2772,hiss,
2773,curtain,
2774,glow,
2775,titl,
2776,centuri,
2777,rose,
2778,retir,
2779,ray,
2780,dew,
2781,reviv,
2782,raptur,
2783,subsid,
2784,plung,
2785,storm,
2786,cloud,
2787,rumbl,
2788,neglig,
2789,monk,
2790,brotherhood,
2791,tiger,
2792,latin,
2793,vers,
2794,wrote,
2795,gift,
2796,art,
2797,oldest,
2798,grown,
2799,somewhat,
2800,restrain,
2801,cell,
2802,tree,
2803,beast,
2804,sea,
2805,chord,
2806,vibrat,
2807,grand,
2808,inspir,
2809,spell,
2810,splendid,
2811,boundless,
2812,bidden,
2813,elder,
2814,fling,
2815,hasten,
2816,poetri,
2817,glorifi,
2818,flower,
2819,tire,
2820,song,
2821,talent,
2822,journey,
2823,desert,
2824,renounc,
2825,grave,
2826,therefor,
2827,hunt,
2828,eaten,
2829,beatitud,
2830,gold,
2831,stuck,
2832,honey,
2833,task,
2834,meek,
2835,insol,
2836,exchang,
2837,brother,
2838,vice,
2839,infidel,
2840,farewel,
2841,drearili,
2842,flew,
2843,wept,
2844,thinner,
2845,sad,
2846,lock,
2847,seven,
2848,entreati,
2849,share,
2850,unbroken,
2851,befallen,
2852,sang,
2853,brook,
2854,gurgl,
2855,sweet,
2856,battl,
2857,confid,
2858,victori,
2859,compos,
2860,poem,
2861,worthless,
2862,measur,
2863,intox,
2864,boundlessli,
2865,whither,
2866,lust,
2867,amber,
2868,fleck,
2869,spark,
2870,irresist,
2871,bliss,
2872,sparkl,
2873,devilish,
2874,hidden,
2875,midst,
2876,revel,
2877,sin,
2878,nake,
2879,hard,
2880,fascin,
2881,longhair,
2882,skin,
2883,shameless,
2884,silk,
2885,brocad,
2886,eagerli,
2887,herself,
2888,brandish,
2889,fight,
2890,artist,
2891,studio,
2892,mould,
2893,sonor,
2894,unseen,
2895,petrifi,
2896,greedili,
2897,fled,
2898,bologo,
2899,junction,
2900,doze,
2901,shroud,
2902,twilight,
2903,snugli,
2904,ensconc,
2905,lanki,
2906,straight,
2907,poker,
2908,ginger,
2909,smart,
2910,journalist,
2911,jule,
2912,vern,
2913,comic,
2914,peer,
2915,deuc,
2916,alexyevitch,
2917,clap,
2918,pyotr,
2919,petrovitch,
2920,didn,
2921,unsteadili,
2922,snigger,
2923,brandi,
2924,rang,
2925,hen,
2926,welcom,
2927,bye,
2928,irresolut,
2929,fidget,
2930,thorn,
2931,turmoil,
2932,behold,
2933,re,
2934,tini,
2935,haven,
2936,honeymoon,
2937,rig,
2938,dandi,
2939,illus,
2940,sprinkl,
2941,waggl,
2942,revoltingli,
2943,devot,
2944,blond,
2945,darl,
2946,poppet,
2947,phylloxera,
2948,crusher,
2949,miniatur,
2950,fairylik,
2951,allegor,
2952,materialist,
2953,analyz,
2954,bachelor,
2955,anticip,
2956,chin,
2957,chuckl,
2958,noddl,
2959,waist,
2960,poetic,
2961,choru,
2962,bridegroom,
2963,idioci,
2964,novelist,
2965,toss,
2966,finer,
2967,fairi,
2968,tale,
2969,limitless,
2970,tipsi,
2971,audienc,
2972,wriggl,
2973,splutter,
2974,gesticul,
2975,prattl,
2976,guard,
2977,husband,
2978,groan,
2979,puppi,
2980,girl,
2981,midget,
2982,incred,
2983,eleph,
2984,toe,
2985,creator,
2986,ordain,
2987,fire,
2988,heed,
2989,dictat,
2990,matrimoni,
2991,marriag,
2992,propiti,
2993,shilli,
2994,shalli,
2995,scriptur,
2996,maketh,
2997,track,
2998,scatter,
2999,tune,
3000,stuff,
3001,retort,
3002,confound,
3003,further,
3004,south,
3005,north,
3006,ticket,
3007,explain,
3008,consum,
3009,anxieti,
3010,motley,
3011,writh,
3012,trodden,
3013,corn,
3014,un,
3015,consol,
3016,telegraph,
3017,overtak,
3018,furnish,
3019,fund,
3020,trip,
3021,natalya,
3022,mihalovna,
3023,yalta,
3024,flow,
3025,babbl,
3026,crimea,
3027,enthusiast,
3028,hubbi,
3029,yulia,
3030,petrovna,
3031,aie,
3032,petri,
3033,vassitchka,
3034,mist,
3035,enorm,
3036,pine,
3037,tatar,
3038,disdain,
3039,glimps,
3040,prejudic,
3041,circassian,
3042,greek,
3043,moor,
3044,juan,
3045,accentu,
3046,im,
3047,mo,
3048,ral,
3049,pride,
3050,bon,
3051,exampl,
3052,pose,
3053,saint,
3054,entr,
3055,nou,
3056,trust,
3057,fork,
3058,assum,
3059,rode,
3060,weather,
3061,ahead,
3062,ridden,
3063,saddl,
3064,natali,
3065,spasm,
3066,besought,
3067,suleiman,
3068,pout,
3069,disconcert,
3070,shuffl,
3071,h,
3072,jealou,
3073,silli,
3074,overstep,
3075,limit,
3076,mametkul,
3077,eleven,
3078,p,
3079,q,
3080,wha,
3081,coal,
3082,funni,
3083,mumbl,
3084,pellet,
3085,expedit,
3086,chan,
3087,su,
3088,waterfal,
3089,dramat,
3090,fun,
3091,convent,
3092,wasn,
3093,rush,
3094,fi,
3095,growl,
3096,stu,
3097,upid,
3098,horrid,
3099,schoolmast,
3100,fyodor,
3101,lukitch,
3102,sysoev,
3103,firm,
3104,kulikin,
3105,annual,
3106,manag,
3107,inspector,
3108,elementari,
3109,foreman,
3110,meritori,
3111,labour,
3112,amic,
3113,deafen,
3114,thirteen,
3115,number,
3116,fourteenth,
3117,correct,
3118,brush,
3119,fashion,
3120,complaint,
3121,threat,
3122,displeas,
3123,splendidli,
3124,senior,
3125,divis,
3126,certif,
3127,prize,
3128,babkin,
3129,sergeyev,
3130,seventeen,
3131,inexperienc,
3132,chosen,
3133,articl,
3134,lyapunov,
3135,behav,
3136,swallow,
3137,gnarl,
3138,stick,
3139,mishap,
3140,shaken,
3141,function,
3142,banquet,
3143,adorn,
3144,german,
3145,oleograph,
3146,geranium,
3147,varnish,
3148,larger,
3149,smaller,
3150,hor,
3151,oeuvr,
3152,faintli,
3153,percol,
3154,blind,
3155,swiss,
3156,slice,
3157,sausag,
3158,na達,
3159,girlishli,
3160,sentiment,
3161,oili,
3162,adolf,
3163,andreyitch,
3164,bruni,
3165,load,
3166,ingrati,
3167,jerki,
3168,gentlemanli,
3169,harp,
3170,pupil,
3171,mine,
3172,snarl,
3173,pester,
3174,interpos,
3175,woebegon,
3176,snort,
3177,worri,
3178,nikolay,
3179,foppish,
3180,cinnamon,
3181,cassock,
3182,straightforward,
3183,riddl,
3184,combin,
3185,wri,
3186,liqueur,
3187,pie,
3188,sulkili,
3189,egg,
3190,onion,
3191,push,
3192,custom,
3193,propos,
3194,vote,
3195,warden,
3196,daniel,
3197,grudg,
3198,pavel,
3199,gennadievitch,
3200,nadarov,
3201,beam,
3202,cblink,
3203,eloqu,
3204,fourteen,
3205,intrigu,
3206,underhand,
3207,report,
3208,enemi,
3209,mention,
3210,spoil,
3211,appetit,
3212,foremost,
3213,materi,
3214,everywher,
3215,redecor,
3216,repap,
3217,indebt,
3218,lutheran,
3219,length,
3220,pretens,
3221,rhetor,
3222,unpleas,
3223,refer,
3224,flourish,
3225,unbecomingli,
3226,jerkili,
3227,coher,
3228,emphasi,
3229,compliment,
3230,complimentari,
3231,valu,
3232,flatteri,
3233,brightli,
3234,unconstrain,
3235,marrow,
3236,vocat,
3237,persever,
3238,truli,
3239,poet,
3240,dam,
3241,prudent,
3242,sobrieti,
3243,intoler,
3244,freeli,
3245,shi,
3246,stricken,
3247,noisi,
3248,caught,
3249,modestli,
3250,bravo,
3251,grasp,
3252,leapt,
3253,overpow,
3254,shrill,
3255,sh,
3256,rosi,
3257,bank,
3258,enquiringli,
3259,on,
3260,commiser,
3261,tender,
3262,sinist,
3263,unutter,
3264,distort,
3265,swiftli,
3266,parti,
3267,liveli,
3268,earlier,
3269,blubber,
3270,sunken,
3271,anemia,
3272,catarrh,
3273,reassur,
3274,contempl,
3275,handwrit,
3276,meantim,
3277,hood,
3278,marya,
3279,koshkin,
3280,midwif,
3281,maid,
3282,solid,
3283,discern,
3284,petticoat,
3285,throw,
3286,greenish,
3287,freckl,
3288,lank,
3289,reddish,
3290,stray,
3291,handsom,
3292,bushi,
3293,collegi,
3294,assessor,
3295,kiryakov,
3296,parlour,
3297,spar,
3298,furnitur,
3299,patch,
3300,ivi,
3301,carbol,
3302,tick,
3303,abash,
3304,coldli,
3305,steadili,
3306,beforehand,
3307,price,
3308,injustic,
3309,graciou,
3310,overcharg,
3311,remuner,
3312,resolut,
3313,astonish,
3314,fasten,
3315,mismanag,
3316,chemist,
3317,term,
3318,warn,
3319,engag,
3320,repel,
3321,weight,
3322,overcast,
3323,sloshi,
3324,squelch,
3325,cab,
3326,grimli,
3327,stride,
3328,preserv,
3329,dignifi,
3330,flock,
3331,vacant,
3332,bedsid,
3333,mustn,
3334,stolidli,
3335,reign,
3336,passionless,
3337,absorb,
3338,phrase,
3339,commonli,
3340,capric,
3341,stern,
3342,econom,
3343,suffoc,
3344,tenterhook,
3345,virtu,
3346,numer,
3347,defect,
3348,basin,
3349,store,
3350,handi,
3351,fluster,
3352,shudder,
3353,footstep,
3354,crop,
3355,schoolboy,
3356,crush,
3357,hatr,
3358,bundl,
3359,hurriedli,
3360,inadvert,
3361,strizhin,
3362,nephew,
3363,madam,
3364,ivanov,
3365,colonel,
3366,widow,
3367,christen,
3368,wake,
3369,household,
3370,lobbi,
3371,tipto,
3372,sober,
3373,sanctimoni,
3374,edifi,
3375,lyubov,
3376,spiridonovna,
3377,permit,
3378,midway,
3379,vinegar,
3380,imbib,
3381,dashenka,
3382,miracl,
3383,bomb,
3384,dynamit,
3385,blew,
3386,paraffin,
3387,poison,
3388,threw,
3389,prove,
3390,colicki,
3391,buoy,
3392,sister,
3393,godmoth,
3394,andreyevna,
3395,velikosvyetski,
3396,godfath,
3397,ivanitch,
3398,bezsonnitsin,
3399,olimpiada,
3400,patro,
3401,chastis,
3402,nightgown,
3403,boni,
3404,pad,
3405,sternli,
3406,scrutin,
3407,mop,
3408,poke,
3409,slam,
3410,monster,
3411,tormentor,
3412,martyr,
3413,viper,
3414,basilisk,
3415,herod,
3416,maiden,
3417,enrag,
3418,readili,
3419,tchephary,
3420,bultyhin,
3421,terrifi,
3422,persuas,
3423,breathlessli,
3424,desk,
3425,coupl,
3426,contemptu,
3427,adjoin,
3428,puzzl,
3429,unwel,
3430,appli,
3431,cat,
3432,cord,
3433,twing,
3434,boom,
3435,bedcloth,
3436,twitter,
3437,steadi,
3438,unaffect,
3439,verg,
3440,sore,
3441,makar,
3442,kuzmitch,
3443,blyostken,
3444,unwash,
3445,greasi,
3446,foppishli,
3447,exert,
3448,rag,
3449,scrape,
3450,log,
3451,cabman,
3452,fade,
3453,ricketi,
3454,damp,
3455,provoc,
3456,hang,
3457,counten,
3458,direct,
3459,merciless,
3460,shave,
3461,haircut,
3462,comb,
3463,scissor,
3464,razor,
3465,porth,
3466,wax,
3467,powder,
3468,eau,
3469,de,
3470,cologn,
3471,squeak,
3472,elderli,
3473,tan,
3474,shawl,
3475,erast,
3476,yagodov,
3477,watchman,
3478,consistori,
3479,pond,
3480,locksmith,
3481,makarushka,
3482,tidi,
3483,kaluga,
3484,unction,
3485,indic,
3486,display,
3487,awri,
3488,kalmuck,
3489,blunt,
3490,sheet,
3491,spot,
3492,snip,
3493,tartar,
3494,aunti,
3495,oy,
3496,hurt,
3497,doesn,
3498,anna,
3499,erastovna,
3500,skip,
3501,wednesday,
3502,betroth,
3503,sheikin,
3504,fright,
3505,prokofi,
3506,aunt,
3507,zlatoustenski,
3508,oblig,
3509,cash,
3510,trade,
3511,union,
3512,lent,
3513,mortgag,
3514,bride,
3515,handkerchief,
3516,fie,
3517,vacantli,
3518,unkind,
3519,awkward,
3520,kindli,
3521,extravag,
3522,piano,
3523,tuner,
3524,murkin,
3525,snuff,
3526,wool,
3527,crack,
3528,rheumat,
3529,barefoot,
3530,afanasi,
3531,yegoritch,
3532,actress,
3533,plaintiv,
3534,cavali,
3535,la,
3536,g達,
3537,n達,
3538,rale,
3539,shevelitsyn,
3540,flap,
3541,slightli,
3542,feminin,
3543,odd,
3544,tag,
3545,alexandritch,
3546,squint,
3547,actor,
3548,tuesday,
3549,field,
3550,anathema,
3551,frozen,
3552,blistanov,
3553,princ,
3554,governor,
3555,knit,
3556,limp,
3557,worn,
3558,bluebeard,
3559,flute,
3560,orchestra,
3561,admitt,
3562,male,
3563,bobesh,
3564,revolv,
3565,bought,
3566,kursk,
3567,bargain,
3568,mr,
3569,plainli,
3570,buhteyev,
3571,miss,
3572,scowl,
3573,libel,
3574,assert,
3575,slander,
3576,hubbub,
3577,aros,
3578,beefsteak,
3579,promenad,
3580,park,
3581,dart,
3582,avenu,
3583,pursu,
3584,fortnight,
3585,mitya,
3586,kuldarov,
3587,ruffl,
3588,armchair,
3589,quilt,
3590,registr,
3591,dmitri,
3592,nightshirt,
3593,mark,
3594,pencil,
3595,spectacl,
3596,29th,
3597,beershop,
3598,kozihin,
3599,bronnaia,
3600,exactli,
3601,durikino,
3602,yuhnovski,
3603,drotov,
3604,merchant,
3605,guild,
3606,stepan,
3607,lukov,
3608,shaft,
3609,incid,
3610,duli,
3611,aid,
3612,foment,
3613,seiz,
3614,makarov,
3615,ivanitski,
3616,natasya,
3617,ivanovna,
3618,anisim,
3619,vassilyitch,
3620,cockad,
3621,grigoryevna,
3622,substanti,
3623,buxom,
3624,matchmak,
3625,stytchkin,
3626,cigar,
3627,ivanovitch,
3628,period,
3629,secur,
3630,support,
3631,belov,
3632,domest,
3633,hearth,
3634,wander,
3635,magyar,
3636,counsel,
3637,kith,
3638,kin,
3639,unit,
3640,hymen,
3641,stranger,
3642,specialist,
3643,earnestli,
3644,accommod,
3645,habitu,
3646,nikolayitch,
3647,prefer,
3648,sedat,
3649,secondari,
3650,bowl,
3651,platter,
3652,involv,
3653,mutual,
3654,french,
3655,variou,
3656,languag,
3657,sew,
3658,kanitelin,
3659,wealthi,
3660,mercenari,
3661,dowri,
3662,sidelong,
3663,disposit,
3664,cheaper,
3665,fast,
3666,dividend,
3667,difficulti,
3668,attract,
3669,bash,
3670,hare,
3671,staid,
3672,settl,
3673,giggl,
3674,kerchief,
3675,consent,
3676,calink,
3677,behaviour,
3678,strict,
3679,benefactor,
3680,expound,
3681,elect,
3682,hush,
3683,krasnyhin,
3684,rate,
3685,careworn,
3686,raid,
3687,suicid,
3688,halt,
3689,laert,
3690,aveng,
3691,shatter,
3692,nobodi,
3693,discord,
3694,writer,
3695,witti,
3696,weigh,
3697,nadya,
3698,steak,
3699,casual,
3700,veriest,
3701,plan,
3702,programm,
3703,bust,
3704,photograph,
3705,manuscript,
3706,volum,
3707,byelinski,
3708,skull,
3709,ash,
3710,tray,
3711,carelessli,
3712,uppermost,
3713,sharpli,
3714,penhold,
3715,nib,
3716,pen,
3717,flight,
3718,creativ,
3719,samovar,
3720,knife,
3721,lid,
3722,fri,
3723,meat,
3724,rattl,
3725,blower,
3726,wail,
3727,drum,
3728,lightli,
3729,pretend,
3730,costli,
3731,coquet,
3732,templ,
3733,languidli,
3734,inkstand,
3735,warrant,
3736,mammi,
3737,daddi,
3738,stock,
3739,jolt,
3740,foma,
3741,nikolaevitch,
3742,lodger,
3743,sorri,
3744,languid,
3745,inanim,
3746,tyrann,
3747,anthil,
3748,despot,
3749,humbl,
3750,editor,
3751,shan,
3752,ungrat,
3753,spread,
3754,sub,
3755,sacr,
3756,culprit,
3757,dearli,
3758,kamyshev,
3759,lunch,
3760,monsieur,
3761,champoun,
3762,neat,
3763,smoothli,
3764,frenchman,
3765,tutor,
3766,taught,
3767,pronunci,
3768,lieuten,
3769,bonn,
3770,sex,
3771,indefinit,
3772,random,
3773,damnat,
3774,ham,
3775,thickli,
3776,smear,
3777,ough,
3778,shot,
3779,joint,
3780,pot,
3781,frog,
3782,rat,
3783,brrr,
3784,bake,
3785,smack,
3786,zhole,
3787,captain,
3788,nowher,
3789,eleg,
3790,crayfish,
3791,speaker,
3792,fanat,
3793,acquir,
3794,professor,
3795,reluctantli,
3796,outlet,
3797,boast,
3798,uproar,
3799,iona,
3800,coachman,
3801,carv,
3802,antic,
3803,brag,
3804,outwardli,
3805,caf達,
3806,flare,
3807,esteem,
3808,imparti,
3809,pig,
3810,traitor,
3811,napoleon,
3812,gambetta,
3813,napkin,
3814,worst,
3815,majest,
3816,preliminari,
3817,alphons,
3818,ludovikovitch,
3819,pack,
3820,trunk,
3821,noodl,
3822,brace,
3823,effeminaci,
3824,passport,
3825,pounc,
3826,mistrust,
3827,wouldn,
3828,nearer,
3829,compact,
3830,whine,
3831,swear,
3832,stab,
3833,abus,
3834,lazar,
3835,isaakitch,
3836,tenant,
3837,scurvi,
3838,tail,
3839,slave,
3840,concord,
3841,n,
3842,session,
3843,rural,
3844,circuit,
3845,wittili,
3846,justitia,
3847,policia,
3848,militia,
3849,unoffici,
3850,visitor,
3851,dismal,
3852,barrack,
3853,decrepit,
3854,brightest,
3855,den,
3856,merg,
3857,blur,
3858,slumber,
3859,absurdli,
3860,inappropri,
3861,tower,
3862,landscap,
3863,harmoni,
3864,sleepless,
3865,vigil,
3866,burdensom,
3867,unforgiven,
3868,barn,
3869,unattract,
3870,lawyer,
3871,marshal,
3872,slightest,
3873,whir,
3874,wheel,
3875,forev,
3876,promptli,
3877,choir,
3878,pictur,
3879,sentenc,
3880,acquit,
3881,adjourn,
3882,presid,
3883,harlamov,
3884,composit,
3885,preced,
3886,personag,
3887,graduat,
3888,bench,
3889,hairi,
3890,gun,
3891,stumbl,
3892,butt,
3893,audibl,
3894,customari,
3895,juri,
3896,check,
3897,sacristan,
3898,indefatig,
3899,narcot,
3900,screen,
3901,medit,
3902,demyanov,
3903,matvey,
3904,tipyakov,
3905,prosecutor,
3906,groom,
3907,statu,
3908,byron,
3909,cain,
3910,eager,
3911,defenc,
3912,frigid,
3913,immov,
3914,boredom,
3915,amount,
3916,juryman,
3917,ardour,
3918,colourless,
3919,rain,
3920,thenc,
3921,shortli,
3922,deliv,
3923,bblink,
3924,procedur,
3925,threaten,
3926,retribut,
3927,satur,
3928,produc,
3929,machin,
3930,drama,
3931,tragedi,
3932,appeal,
3933,repent,
3934,callous,
3935,plead,
3936,ninth,
3937,enquiri,
3938,bespatt,
3939,dispirit,
3940,testifi,
3941,porch,
3942,pool,
3943,pothous,
3944,mortem,
3945,glossi,
3946,cravat,
3947,jacket,
3948,circumspect,
3949,vladimirovitch,
3950,amazingli,
3951,slovenli,
3952,koreiski,
3953,investig,
3954,wreck,
3955,row,
3956,croesu,
3957,prosecut,
3958,instantan,
3959,neg,
3960,lift,
3961,unexpectedli,
3962,dimens,
3963,supposit,
3964,accus,
3965,temporari,
3966,aberr,
3967,rid,
3968,brownish,
3969,penkov,
3970,bled,
3971,bleed,
3972,hadn,
3973,timofeyitch,
3974,prohor,
3975,armi,
3976,systemat,
3977,distrust,
3978,disinclin,
3979,cheekbon,
3980,crane,
3981,proshka,
3982,winc,
3983,shrink,
3984,lightn,
3985,coincid,
3986,mask,
3987,balanc,
3988,muffl,
3989,eve,
3990,nelli,
3991,vista,
3992,undul,
3993,gleam,
3994,nevertheless,
3995,shift,
3996,background,
3997,outlin,
3998,signific,
3999,distinctli,
4000,headlong,
4001,glimmer,
4002,sob,
4003,typhu,
4004,temperatur,
4005,nearli,
4006,heroic,
4007,deed,
4008,whirl,
4009,egoism,
4010,undeserv,
4011,gulp,
4012,lowest,
4013,puf,
4014,pant,
4015,lump,
4016,stabl,
4017,domna,
4018,vlassov,
4019,deliri,
4020,delus,
4021,rack,
4022,everlast,
4023,apprehens,
4024,scarlet,
4025,diphtheria,
4026,untouch,
4027,simultan,
4028,event,
4029,deacon,
4030,footmark,
4031,undertak,
4032,prelud,
4033,jeun,
4034,premier,
4035,alexeyitch,
4036,podzharov,
4037,oval,
4038,season,
4039,southern,
4040,signor,
4041,swing,
4042,sock,
4043,indirectli,
4044,parol,
4045,honneur,
4046,feast,
4047,soir達,
4048,e,
4049,type,
4050,mon,
4051,dieu,
4052,retreat,
4053,peach,
4054,estim,
4055,manufactur,
4056,zybaev,
4057,chain,
4058,affabl,
4059,rum,
4060,condescendingli,
4061,illustr,
4062,tomorrow,
4063,oyster,
4064,anchovi,
4065,host,
4066,rel,
4067,ignatyevitch,
4068,klimov,
4069,bulki,
4070,frock,
4071,tula,
4072,commerci,
4073,enchant達,
4074,allah,
4075,devilishli,
4076,lucki,
4077,episod,
4078,yegoryevski,
4079,treasuri,
4080,varenka,
4081,varvara,
4082,nikolayevna,
4083,classic,
4084,profil,
4085,達,
4086,tatyana,
4087,romanc,
4088,niec,
4089,uncl,
4090,falsehood,
4091,uncertainti,
4092,fleshi,
4093,resort,
4094,challeng,
4095,duel,
4096,rap,
4097,exceedingli,
4098,yarn,
4099,ram,
4100,muslin,
4101,drizzl,
4102,siev,
4103,pavement,
4104,overboot,
4105,stammer,
4106,publicli,
4107,admit,
4108,erect,
4109,balink,
4110,droop,
4111,degrad,
4112,benign,
4113,meekli,
4114,smirk,
4115,crestfallen,
4116,danger,
4117,seren,
4118,satisfactorili,
4119,frolov,
4120,velveti,
4121,almer,
4122,outskirt,
4123,voluptu,
4124,sauceboat,
4125,sauc,
4126,proven達,
4127,ale,
4128,her,
4129,twist,
4130,slight,
4131,dish,
4132,candlestick,
4133,jingl,
4134,clatter,
4135,catastroph,
4136,fragment,
4137,caviar,
4138,dole,
4139,squander,
4140,singer,
4141,queerli,
4142,alexey,
4143,semyonitch,
4144,speediest,
4145,final,
4146,diamond,
4147,relish,
4148,truffl,
4149,matelot,
4150,eelpout,
4151,sterlet,
4152,electr,
4153,opaqu,
4154,flicker,
4155,gypsi,
4156,hum,
4157,merrier,
4158,debaucheri,
4159,percentag,
4160,vile,
4161,spoilt,
4162,crow,
4163,cock,
4164,whenc,
4165,reefer,
4166,lilac,
4167,guitar,
4168,grunt,
4169,pepper,
4170,gusto,
4171,mess,
4172,pure,
4173,string,
4174,neetka,
4175,margareetka,
4176,champagn,
4177,thump,
4178,caus,
4179,dissip,
4180,bold,
4181,medal,
4182,pari,
4183,sack,
4184,everybodi,
4185,mustafa,
4186,glove,
4187,conquer,
4188,tribut,
4189,sell,
4190,inton,
4191,mutabl,
4192,destini,
4193,peal,
4194,gre,
4195,toadi,
4196,bandit,
4197,robber,
4198,reckon,
4199,wearili,
4200,whoop,
4201,orgi,
4202,seed,
4203,pharaoh,
4204,ho,
4205,solo,
4206,mixtur,
4207,bill,
4208,entranc,
4209,stair,
4210,vassilyevitch,
4211,luka,
4212,stout,
4213,beefi,
4214,crinolett,
4215,storey,
4216,supplic,
4217,masculin,
4218,hrutski,
4219,mme,
4220,murashkin,
4221,literatur,
4222,authoress,
4223,quota,
4224,translat,
4225,cast,
4226,redder,
4227,perpetr,
4228,l,
4229,censor,
4230,captur,
4231,fumbl,
4232,languishingli,
4233,clasp,
4234,inwardli,
4235,falter,
4236,intrus,
4237,magnanim,
4238,kazan,
4239,core,
4240,helplessli,
4241,sumptuou,
4242,sergyevna,
4243,monologu,
4244,dislik,
4245,kammer,
4246,junker,
4247,salvat,
4248,unadulter,
4249,valentin,
4250,gratuit,
4251,scan,
4252,vicious,
4253,eardrum,
4254,tosh,
4255,inflict,
4256,cottag,
4257,tape,
4258,chees,
4259,tooth,
4260,pattern,
4261,olga,
4262,twelfth,
4263,flesh,
4264,hash,
4265,anatomi,
4266,product,
4267,associ,
4268,heal,
4269,sixteenth,
4270,dismay,
4271,rapt,
4272,prolong,
4273,schoolhous,
4274,inn,
4275,execut,
4276,repriev,
4277,retain,
4278,remot,
4279,trooo,
4280,troo,
4281,forgot,
4282,soda,
4283,biliou,
4284,smirnovski,
4285,swill,
4286,sparrow,
4287,unglu,
4288,eyelid,
4289,misti,
4290,triangl,
4291,size,
4292,dwindl,
4293,shown,
4294,renew,
4295,awaken,
4296,gnaw,
4297,dim,
4298,fixedli,
4299,baron,
4300,wildli,
4301,yell,
4302,unnatur,
4303,roar,
4304,cloudi,
4305,foggi,
4306,impenetr,
4307,grope,
4308,smother,
4309,prowl,
4310,graveyard,
4311,ruffian,
4312,pilgrim,
4313,nightbird,
4314,drunkard,
4315,tempt,
4316,mitrievski,
4317,mill,
4318,whew,
4319,sheepshead,
4320,farther,
4321,ditch,
4322,climb,
4323,gust,
4324,abat,
4325,vologda,
4326,stoop,
4327,tombston,
4328,extinguish,
4329,angl,
4330,trelli,
4331,alik,
4332,trump,
4333,kingdom,
4334,deceit,
4335,covet,
4336,belli,
4337,greedi,
4338,worm,
4339,pate,
4340,boundari,
4341,merri,
4342,bet,
4343,smartli,
4344,gubaryev,
4345,carniv,
4346,sto,
4347,op,
4348,bid,
4349,spill,
4350,huddl,
4351,releas,
4352,aliv,
4353,forebod,
4354,hurri,
4355,timofey,
4356,mitka,
4357,stronger,
4358,altar,
4359,vestment,
4360,overturn,
4361,footprint,
4362,churchyard,
4363,uneven,
4364,clang,
4365,astray,
4366,belfri,
4367,kozyavkin,
4368,laev,
4369,unsteadi,
4370,feat,
4371,luck,
4372,petya,
4373,verotchka,
4374,burglari,
4375,thirsti,
4376,plucki,
4377,bolt,
4378,cape,
4379,portfolio,
4380,serenad,
4381,midnight,
4382,breez,
4383,treetop,
4384,alyosha,
4385,schubert,
4386,sudden,
4387,tphoo,
4388,aksinya,
4389,unlock,
4390,dumpl,
4391,trudg,
4392,trick,
4393,schoolgirl,
4394,vera,
4395,mischief,
4396,stepanovna,
4397,naughti,
4398,hoist,
4399,cackl,
4400,fowl,
4401,chicken,
4402,basket,
4403,turkey,
4404,peck,
4405,mistaken,
4406,anywher,
4407,indignantli,
4408,expir,
4409,beset,
4410,owl,
4411,junket,
4412,triumphantli,
4413,blend,
4414,savag,
4415,apron,
4416,lantern,
4417,smash,
4418,poult,
4419,constabl,
4420,rottendal,
4421,dale,
4422,sicklystead,
4423,mingl,
4424,stealer,
4425,yergunov,
4426,throughout,
4427,braggart,
4428,christma,
4429,ryepino,
4430,purchas,
4431,chill,
4432,murki,
4433,slant,
4434,sprang,
4435,squat,
4436,steep,
4437,thatch,
4438,tchirikov,
4439,tavern,
4440,lyubka,
4441,risk,
4442,knapsack,
4443,whip,
4444,hey,
4445,granni,
4446,biggest,
4447,lash,
4448,muzzl,
4449,pierc,
4450,frost,
4451,neigh,
4452,cossack,
4453,unsaddl,
4454,freshli,
4455,kalashnikov,
4456,arrant,
4457,bogalyovka,
4458,sale,
4459,swop,
4460,bay,
4461,mare,
4462,dun,
4463,geld,
4464,pomad,
4465,silver,
4466,metal,
4467,soak,
4468,dreari,
4469,bottomless,
4470,abyss,
4471,epidem,
4472,vaccin,
4473,cart,
4474,cherri,
4475,blossom,
4476,pail,
4477,fineri,
4478,ledg,
4479,sideway,
4480,purpos,
4481,beckon,
4482,elijah,
4483,abreast,
4484,plait,
4485,chestnut,
4486,rein,
4487,strangl,
4488,osip,
4489,dragoon,
4490,treati,
4491,san,
4492,stefano,
4493,horn,
4494,golyshino,
4495,droshki,
4496,paraphernalia,
4497,mischanc,
4498,zmeinoy,
4499,smut,
4500,soot,
4501,smallpox,
4502,bandi,
4503,lancet,
4504,swarthi,
4505,add,
4506,lentil,
4507,mockingli,
4508,soften,
4509,merik,
4510,bacon,
4511,pan,
4512,diffus,
4513,hip,
4514,activ,
4515,fidgeti,
4516,refrain,
4517,wag,
4518,filya,
4519,settler,
4520,cataract,
4521,shamil,
4522,lyuba,
4523,grigoritch,
4524,rozhnovo,
4525,cavalri,
4526,weren,
4527,sentri,
4528,afonka,
4529,contriv,
4530,rider,
4531,salink,
4532,haggl,
4533,market,
4534,harkov,
4535,mizhiritch,
4536,gainsay,
4537,slili,
4538,gleefulli,
4539,dip,
4540,ice,
4541,samoylenka,
4542,pitch,
4543,molokan,
4544,noos,
4545,armpit,
4546,crook,
4547,plop,
4548,lighter,
4549,penza,
4550,frank,
4551,weightili,
4552,heartless,
4553,strip,
4554,commun,
4555,exil,
4556,siberia,
4557,akimbo,
4558,squar,
4559,peppermint,
4560,biscuit,
4561,nut,
4562,pumpkin,
4563,martin,
4564,stukotey,
4565,bead,
4566,flounc,
4567,crackl,
4568,balalaika,
4569,click,
4570,crouch,
4571,snake,
4572,blown,
4573,postur,
4574,gilt,
4575,key,
4576,sung,
4577,crockeri,
4578,transform,
4579,flit,
4580,breathless,
4581,caressingli,
4582,kuban,
4583,goodby,
4584,snowstorm,
4585,cling,
4586,bush,
4587,giant,
4588,robe,
4589,birch,
4590,caress,
4591,thou,
4592,wo,
4593,snowdrift,
4594,nag,
4595,drift,
4596,creep,
4597,crept,
4598,chast,
4599,ceremoni,
4600,tobacco,
4601,oat,
4602,sweetheart,
4603,belt,
4604,threshold,
4605,resist,
4606,unfasten,
4607,cun,
4608,easili,
4609,cow,
4610,snowflak,
4611,shape,
4612,peep,
4613,amazon,
4614,swan,
4615,overhead,
4616,scurri,
4617,fennel,
4618,patchwork,
4619,furi,
4620,tangl,
4621,dizzi,
4622,reel,
4623,doorpost,
4624,matchbox,
4625,lit,
4626,bridg,
4627,bluish,
4628,cop,
4629,decre,
4630,wage,
4631,blister,
4632,sicken,
4633,wive,
4634,swindler,
4635,brigand,
4636,suitabl,
4637,easter,
4638,saunter,
4639,aimlessli,
4640,starri,
4641,infinit,
4642,fathomless,
4643,employ,
4644,refug,
4645,grandfath,
4646,eighteen,
4647,publican,
4648,cattl,
4649,dealer,
4650,blacksmith,
4651,overdo,
4652,glyeb,
4653,gavrilovitch,
4654,smirnov,
4655,surveyor,
4656,gnilushki,
4657,survey,
4658,steed,
4659,dyevkino,
4660,hohotov,
4661,sturdi,
4662,sullen,
4663,pock,
4664,smock,
4665,clamber,
4666,plant,
4667,fray,
4668,swore,
4669,tortois,
4670,ge,
4671,et,
4672,friski,
4673,ow,
4674,sed,
4675,sunset,
4676,mound,
4677,stack,
4678,frosti,
4679,paddock,
4680,ugli,
4681,brutal,
4682,klim,
4683,untruth,
4684,strap,
4685,tackl,
4686,bawl,
4687,funk,
4688,plot,
4689,snail,
4690,pistol,
4691,pretenc,
4692,twig,
4693,snap,
4694,d達,
4695,nouement,
4696,echo,
4697,wolv,
4698,spine,
4699,rasp,
4700,file,
4701,klimushka,
4702,waft,
4703,mu,
4704,ur,
4705,der,
4706,freez,
4707,hid,
4708,februari,
4709,trifon,
4710,commot,
4711,zavzyatov,
4712,lvovitch,
4713,nameday,
4714,deceas,
4715,requiem,
4716,thanksgiv,
4717,assembl,
4718,hrumov,
4719,marfutkin,
4720,potrashkov,
4721,perman,
4722,krinolinov,
4723,dvornyagin,
4724,iodoform,
4725,carpet,
4726,noiseless,
4727,instinct,
4728,yevmeni,
4729,konkordiev,
4730,noiselessli,
4731,missal,
4732,vestibul,
4733,gelikonski,
4734,pimpl,
4735,hostess,
4736,rice,
4737,sunbeam,
4738,adapt,
4739,acoust,
4740,pensiv,
4741,breviti,
4742,worldli,
4743,uneasili,
4744,tickl,
4745,exasper,
4746,thereupon,
4747,momentari,
4748,disrob,
4749,hearted,
4750,tread,
4751,luncheon,
4752,repast,
4753,supernatur,
4754,fare,
4755,flora,
4756,fauna,
4757,beverag,
4758,contain,
4759,tippl,
4760,yourselv,
4761,pli,
4762,munch,
4763,sloth,
4764,apathi,
4765,glisten,
4766,recollect,
4767,incredul,
4768,troop,
4769,mikeshka,
4770,steam,
4771,sturgeon,
4772,lone,
4773,appropri,
4774,excess,
4775,therebi,
4776,expiat,
4777,ma,
4778,ch達,
4779,hitch,
4780,alalykin,
4781,moisten,
4782,upheav,
4783,avdeyev,
4784,auditor,
4785,aught,
4786,mayb,
4787,mous,
4788,rook,
4789,danilitch,
4790,audit,
4791,scrawl,
4792,discus,
4793,failur,
4794,foreseen,
4795,illeg,
4796,knowledg,
4797,nap,
4798,satisfactori,
4799,elizaveta,
4800,trofimovna,
4801,vassili,
4802,fuss,
4803,magistr,
4804,numb,
4805,rebelli,
4806,deserv,
4807,deputi,
4808,vladimir,
4809,stepanitch,
4810,compromis,
4811,borrow,
4812,nineteen,
4813,composur,
4814,dealt,
4815,request,
4816,churchwarden,
4817,unpreced,
4818,interview,
4819,seal,
4820,inventori,
4821,wrongdo,
4822,mortif,
4823,petit,
4824,poorer,
4825,ascrib,
4826,protract,
4827,harass,
4828,delay,
4829,decoct,
4830,herb,
4831,stolid,
4832,befit,
4833,antagonist,
4834,lenten,
4835,incur,
4836,loss,
4837,claim,
4838,carrot,
4839,chilli,
4840,flatul,
4841,heartburn,
4842,all,
4843,sprung,
4844,sword,
4845,bayonet,
4846,thaw,
4847,learnt,
4848,tobolsk,
4849,decis,
4850,wretchedli,
4851,troublesom,
4852,artyom,
4853,wade,
4854,tallow,
4855,thunderstorm,
4856,pane,
4857,patter,
4858,christian,
4859,unbalink,
4860,hunter,
4861,weapon,
4862,shoot,
4863,lad,
4864,millionair,
4865,clout,
4866,idol,
4867,gobbl,
4868,timber,
4869,magpi,
4870,vyazovka,
4871,nefe,
4872,sport,
4873,grievou,
4874,folk,
4875,villain,
4876,mate,
4877,wicked,
4878,evildo,
4879,volovi,
4880,zaimishtchi,
4881,mower,
4882,scyth,
4883,outright,
4884,robberi,
4885,collaps,
4886,flerka,
4887,mongrel,
4888,setter,
4889,undo,
4890,raindrop,
4891,errand,
4892,stump,
4893,drench,
4894,heaviest,
4895,downpour,
4896,wrung,
4897,thicket,
4898,blackguard,
4899,slunk,
4900,particularli,
4901,plagu,
4902,squeal,
4903,filter,
4904,navagin,
4905,inscrib,
4906,garment,
4907,seltzer,
4908,couch,
4909,signatur,
4910,list,
4911,ejacul,
4912,fedyukov,
4913,incognito,
4914,regularli,
4915,sorceri,
4916,grigori,
4917,hasn,
4918,gape,
4919,baro,
4920,invis,
4921,ex,
4922,traordinari,
4923,ludicr,
4924,florid,
4925,twirl,
4926,below,
4927,shtutchkin,
4928,timor,
4929,impud,
4930,spiritualist,
4931,phenomenon,
4932,feebl,
4933,uncanni,
4934,devilri,
4935,intrud,
4936,discharg,
4937,ancestor,
4938,descend,
4939,kinsman,
4940,seduc,
4941,lemon,
4942,pewteri,
4943,sepulchr,
4944,inflamm,
4945,overcam,
4946,sceptic,
4947,zina,
4948,cardboard,
4949,saucer,
4950,rite,
4951,hannib,
4952,askotchenski,
4953,klavdya,
4954,zaharovna,
4955,medium,
4956,instig,
4957,telegram,
4958,krinolinski,
4959,treatis,
4960,monograph,
4961,entitl,
4962,essay,
4963,journal,
4964,despatch,
4965,parish,
4966,lovingli,
4967,creation,
4968,filipp,
4969,safer,
4970,youngest,
4971,baptism,
4972,dumb,
4973,ballet,
4974,stupour,
4975,lea,
4976,eav,
4977,diari,
4978,financ,
4979,financi,
4980,dissert,
4981,licenc,
4982,maman,
4983,coffe,
4984,balconi,
4985,ink,
4986,histor,
4987,deduc,
4988,allus,
4989,herodotu,
4990,xenophon,
4991,tax,
4992,nadenka,
4993,dost,
4994,andreitch,
4995,trim,
4996,g,
4997,karelin,
4998,daren,
4999,villa,
5000,peg,
5001,cloak,
5002,ardent,
5003,armenian,
5004,digress,
5005,mashenka,
5006,deepest,
5007,terrac,
5008,unfortun,
5009,literari,
5010,memoir,
5011,hero,
5012,jam,
5013,hairpin,
5014,thimbl,
5015,nicola,
5016,ascertain,
5017,shaggi,
5018,affirm,
5019,sympathet,
5020,greatest,
5021,blade,
5022,shock,
5023,uncongeni,
5024,varieg,
5025,mushroom,
5026,rage,
5027,explos,
5028,muscl,
5029,ungovern,
5030,pea,
5031,roast,
5032,comp達,
5033,te,
5034,indescrib,
5035,patienc,
5036,popular,
5037,detriment,
5038,thirdli,
5039,lame,
5040,croquet,
5041,lovest,
5042,charmant,
5043,detest,
5044,hay,
5045,significantli,
5046,socket,
5047,swollen,
5048,squeez,
5049,arbour,
5050,hasti,
5051,augur,
5052,typic,
5053,naphthalin,
5054,7th,
5055,solar,
5056,eclips,
5057,astronom,
5058,thu,
5059,diamet,
5060,corona,
5061,note,
5062,undertaken,
5063,plane,
5064,eclipt,
5065,imaginari,
5066,spleen,
5067,bellow,
5068,excis,
5069,frantic,
5070,mesdam,
5071,geograph,
5072,withdraw,
5073,straw,
5074,impolit,
5075,umbrella,
5076,strongli,
5077,unfold,
5078,ancient,
5079,egypt,
5080,india,
5081,schopenhau,
5082,grandmoth,
5083,mephistophel,
5084,trapdoor,
5085,urg,
5086,unwis,
5087,cage,
5088,feroci,
5089,cleverli,
5090,snare,
5091,contract,
5092,valid,
5093,muff,
5094,symptom,
5095,procur,
5096,gagin,
5097,impel,
5098,curio,
5099,frivol,
5100,signal,
5101,sneez,
5102,shrilli,
5103,pallor,
5104,east,
5105,corncrak,
5106,feather,
5107,tribe,
5108,shun,
5109,clip,
5110,poplar,
5111,undecid,
5112,burglar,
5113,deathli,
5114,overspread,
5115,jewelri,
5116,vassya,
5117,basil,
5118,prokovitch,
5119,w,
5120,mavra,
5121,yegorovna,
5122,pelagea,
5123,fireman,
5124,cynic,
5125,hoiti,
5126,toiti,
5127,virtuou,
5128,sanctifi,
5129,tradit,
5130,demean,
5131,microscop,
5132,nurseri,
5133,vassilissa,
5134,shelf,
5135,saucepan,
5136,mm,
5137,scamp,
5138,sugar,
5139,credit,
5140,grievanc,
5141,grenadi,
5142,gentlefolk,
5143,toil,
5144,mistress,
5145,acknowledg,
5146,spous,
5147,edg,
5148,hallucin,
5149,neurot,
5150,tar,
5151,y,
5152,palac,
5153,autograph,
5154,heartrend,
5155,ferment,
5156,annal,
5157,oven,
5158,blaze,
5159,stream,
5160,overdriven,
5161,shutter,
5162,potcheshihin,
5163,optimov,
5164,agent,
5165,correspond,
5166,fatherland,
5167,speechless,
5168,dust,
5169,moder,
5170,prebendari,
5171,wallet,
5172,slacken,
5173,ripe,
5174,emerg,
5175,sexton,
5176,succour,
5177,purov,
5178,kuzma,
5179,shopmen,
5180,warehous,
5181,ladder,
5182,swine,
5183,civilli,
5184,sidorov,
5185,akim,
5186,parfen,
5187,birthday,
5188,dispers,
5189,conform,
5190,hotli,
5191,citizen,
5192,hose,
5193,brigad,
5194,proport,
5195,favourit,
5196,grocer,
5197,limonad,
5198,gaseus,
5199,append,
5200,supplementari,
5201,salubri,
5202,effici,
5203,krushenski,
5204,bloodsh,
5205,custodi,
5206,ransack,
5207,zinc,
5208,vitriol,
5209,attempt,
5210,natasha,
5211,fervour,
5212,recognit,
5213,famou,
5214,loll,
5215,dispens,
5216,vanquish,
5217,demosthen,
5218,orat,
5219,fundament,
5220,conscienti,
5221,hurrican,
5222,odysseu,
5223,firmest,
5224,succumb,
5225,syren,
5226,similar,
5227,incompet,
5228,defin,
5229,fianc達,
5230,choos,
5231,cruel,
5232,jilt,
5233,eyelash,
5234,pearl,
5235,ecstasi,
5236,admonit,
5237,deris,
5238,venom,
5239,damnabl,
5240,achiev,
5241,exclaim,
5242,adjur,
5243,reliev,
5244,rectifi,
5245,applaud,
5246,hideous,
5247,bullet,
5248,muddl,
5249,spasski,
5250,chime,
5251,unimport,
5252,malinger,
5253,marfa,
5254,petchonkin,
5255,practis,
5256,homeopath,
5257,homeopathi,
5258,aristark,
5259,allopathi,
5260,eleventh,
5261,gavrila,
5262,gruzd,
5263,zamuhrishen,
5264,sunk,
5265,homag,
5266,guardian,
5267,benefactress,
5268,enlighten,
5269,kneel,
5270,miracul,
5271,healer,
5272,orphan,
5273,enchantress,
5274,fee,
5275,assassin,
5276,pilul,
5277,unbeliev,
5278,knelt,
5279,obedi,
5280,scrofuloso,
5281,wisdom,
5282,paradis,
5283,hobbl,
5284,sow,
5285,gentri,
5286,leak,
5287,whimper,
5288,grandchild,
5289,rever,
5290,unwrap,
5291,conspiraci,
5292,belaud,
5293,allopath,
5294,plough,
5295,benevol,
5296,frolick,
5297,clayey,
5298,yegor,
5299,gryaznorukov,
5300,ala,
5301,victim,
5302,keyhol,
5303,sustain,
5304,concuss,
5305,cradl,
5306,epigram,
5307,overtook,
5308,parcel,
5309,mushkin,
5310,weed,
5311,moss,
5312,blacken,
5313,ail,
5314,era,
5315,subscript,
5316,paragraph,
5317,remembr,
5318,lure,
5319,entic,
5320,semblanc,
5321,penni,
5322,breech,
5323,freethink,
5324,b,
5325,r,
5326,strewn,
5327,gravel,
5328,bearer,
5329,calico,
5330,sash,
5331,burden,
5332,director,
5333,vremenski,
5334,fro,
5335,applic,
5336,gratifi,
5337,confront,
5338,fairli,
5339,thoroughli,
5340,nastasya,
5341,nina,
5342,sergeyevna,
5343,behalf,
5344,vacanc,
5345,patronag,
5346,fedya,
5347,polzuhin,
5348,tchatski,
5349,verifi,
5350,k,
5351,comment,
5352,jockey,
5353,drili,
5354,induc,
5355,candid,
5356,disagre,
5357,attach,
5358,testimoni,
5359,unread,
5360,importun,
5361,sneak,
5362,buck,
5363,heartili,
5364,regardless,
5365,chuck,
5366,administ,
5367,podtyagin,
5368,collector,
5369,inspect,
5370,icket,
5371,clipper,
5372,rug,
5373,morphia,
5374,inhuman,
5375,zeal,
5376,aggriev,
5377,wantonli,
5378,idli,
5379,stalk,
5380,bewild,
5381,pacifi,
5382,puzitski,
5383,traffic,
5384,panic,
5385,apologet,
5386,och,
5387,dose,
5388,shumin,
5389,gorgeou,
5390,cathedr,
5391,croak,
5392,sixteen,
5393,juli,
5394,basement,
5395,knive,
5396,alexandr,
5397,timofeitch,
5398,sasha,
5399,komissarovski,
5400,section,
5401,architectur,
5402,architect,
5403,lithograph,
5404,canva,
5405,creas,
5406,septemb,
5407,duchess,
5408,stale,
5409,newer,
5410,column,
5411,lace,
5412,toothless,
5413,prodig,
5414,riotou,
5415,dad,
5416,curtail,
5417,domain,
5418,insolubl,
5419,fiddl,
5420,concert,
5421,charit,
5422,musician,
5423,upstair,
5424,occupi,
5425,tock,
5426,lifeless,
5427,caw,
5428,copybook,
5429,sunshin,
5430,dewdrop,
5431,neglect,
5432,gaili,
5433,deck,
5434,miner,
5435,karenin,
5436,veget,
5437,bream,
5438,foundat,
5439,fountain,
5440,stagnant,
5441,charmer,
5442,poi,
5443,vet達,
5444,thrill,
5445,gloomili,
5446,suppli,
5447,seventh,
5448,uninvit,
5449,trousseau,
5450,cheapest,
5451,peter,
5452,parquet,
5453,vienne,
5454,purpl,
5455,vase,
5456,handl,
5457,shismatchevski,
5458,upholst,
5459,sideboard,
5460,nauseat,
5461,hoop,
5462,bathroom,
5463,tank,
5464,gallon,
5465,loft,
5466,haughti,
5467,sullenli,
5468,older,
5469,plainer,
5470,stormi,
5471,od,
5472,tiff,
5473,plum,
5474,cheerless,
5475,spellbound,
5476,upsid,
5477,heavier,
5478,lain,
5479,luggag,
5480,shrank,
5481,wire,
5482,homesick,
5483,unkempt,
5484,stiflingli,
5485,indian,
5486,gush,
5487,dearest,
5488,volga,
5489,koumiss,
5490,shrivel,
5491,prestig,
5492,embezzl,
5493,forgeri,
5494,delici,
5495,cream,
5496,daylight,
5497,prism,
5498,simplest,
5499,primari,
5500,saratov,
5501,isol,
5502,and,
5503,obscur,
5504,diffid,
5505,vaska,
5506,varvarino,
5507,kirila,
5508,smithi,
5509,forg,
5510,smith,
5511,wonderingli,
5512,heavenli,
5513,starv,
5514,tfoo,
5515,gaoler,
5516,branch,
5517,turkish,
5518,flour,
5519,sworn,
5520,ringlead,
5521,simpleton,
5522,minist,
5523,guryev,
5524,aloshka,
5525,huk,
5526,greas,
5527,objectless,
5528,crunch,
5529,outstretch,
5530,hill,
5531,sineokov,
5532,zolotovo,
5533,quick,
5534,nod,
5535,pendulum,
5536,kiryushka,
5537,oath,
5538,rapid,
5539,skvortsov,
5540,shallow,
5541,sadovoy,
5542,expel,
5543,document,
5544,shamelessli,
5545,exploit,
5546,scold,
5547,assault,
5548,individu,
5549,defil,
5550,chariti,
5551,misgiv,
5552,pamper,
5553,reek,
5554,corrupt,
5555,marker,
5556,manual,
5557,genteel,
5558,shopman,
5559,justif,
5560,chop,
5561,woodchopp,
5562,idler,
5563,nervou,
5564,demeanour,
5565,amour,
5566,propr,
5567,woodsh,
5568,jerk,
5569,pseudo,
5570,block,
5571,toppl,
5572,frequent,
5573,sweep,
5574,van,
5575,remov,
5576,lushkov,
5577,rectitud,
5578,pat,
5579,genial,
5580,lambskin,
5581,galleri,
5582,notari,
5583,godson,
5584,nobl,
5585,lament,
5586,flagrant,
5587,delicto,
5588,fyodorovitch,
5589,sigaev,
5590,schmuck,
5591,gunsmith,
5592,select,
5593,unalter,
5594,sanctiti,
5595,bloodstain,
5596,ooz,
5597,spectat,
5598,traitress,
5599,sprightli,
5600,frenchifi,
5601,sieur,
5602,superb,
5603,wesson,
5604,firearm,
5605,tripl,
5606,ejector,
5607,central,
5608,sieu,
5609,trigger,
5610,ecstat,
5611,lefauch,
5612,defici,
5613,discreetli,
5614,mortim,
5615,duell,
5616,remors,
5617,niob,
5618,conserv,
5619,tariff,
5620,phosphoru,
5621,expo,
5622,infami,
5623,ware,
5624,incumb,
5625,english,
5626,bronz,
5627,ricochet,
5628,lap,
5629,bruis,
5630,record,
5631,redound,
5632,code,
5633,secondli,
5634,sahalin,
5635,divorc,
5636,inexpens,
5637,quail,
5638,inquest,
5639,dreamili,
5640,everyday,
5641,mystic,
5642,foretold,
5643,predict,
5644,propheci,
5645,presenti,
5646,infecti,
5647,chais,
5648,amiss,
5649,coach,
5650,bobtchinski,
5651,earnest,
5652,teller,
5653,id達,
5654,fix達,
5655,contradict,
5656,aloud,
5657,tomb,
5658,forgav,
5659,unfaith,
5660,elev,
5661,unwil,
5662,fatigu,
5663,impart,
5664,declin,
5665,shtchiptsov,
5666,zhukov,
5667,swoon,
5668,climax,
5669,ruptur,
5670,rehears,
5671,boobi,
5672,smudg,
5673,phiz,
5674,flatten,
5675,flask,
5676,mishutka,
5677,disconsol,
5678,ant,
5679,vyazma,
5680,mummi,
5681,kick,
5682,bucket,
5683,ome,
5684,dump,
5685,nibbl,
5686,clove,
5687,mayn,
5688,brama,
5689,glinski,
5690,prunella,
5691,heliotrop,
5692,laundress,
5693,tailor,
5694,giddi,
5695,guskov,
5696,belat,
5697,jackdaw,
5698,veil,
5699,cholera,
5700,buffalo,
5701,surplu,
5702,topsi,
5703,turvi,
5704,rostov,
5705,sashka,
5706,root,
5707,reminisc,
5708,brighten,
5709,savoikin,
5710,painter,
5711,kherson,
5712,taganrog,
5713,distraught,
5714,unend,
5715,swamp,
5716,tsitrinnikov,
5717,dumbl,
5718,automaton,
5719,physiqu,
5720,adabashev,
5721,mifa,
5722,f,
5723,yevlampi,
5724,rigoletto,
5725,hairdress,
5726,unti,
5727,suction,
5728,needn,
5729,withdrew,
5730,untruli,
5731,soothingli,
5732,cake,
5733,groggi,
5734,approvingli,
5735,kirilov,
5736,unbutton,
5737,scald,
5738,scarf,
5739,newcom,
5740,abogin,
5741,gnutchev,
5742,irrelev,
5743,semyonovitch,
5744,paptchinski,
5745,aneur,
5746,unlight,
5747,streak,
5748,bookcas,
5749,ether,
5750,drowsili,
5751,smallest,
5752,darker,
5753,curv,
5754,lime,
5755,repos,
5756,subtl,
5757,elus,
5758,convey,
5759,auster,
5760,contrast,
5761,pertinac,
5762,emphat,
5763,courag,
5764,heroism,
5765,stilt,
5766,floweri,
5767,prevail,
5768,aquilin,
5769,indistinct,
5770,alongsid,
5771,furthest,
5772,paler,
5773,foliag,
5774,clamour,
5775,dimli,
5776,sandi,
5777,restlessli,
5778,riversid,
5779,willow,
5780,peat,
5781,parallel,
5782,tuft,
5783,encircl,
5784,wherev,
5785,goal,
5786,elegantli,
5787,surviv,
5788,unpleasantli,
5789,unfriendli,
5790,prematur,
5791,hue,
5792,uncouth,
5793,featur,
5794,leonin,
5795,bariton,
5796,childlik,
5797,detract,
5798,diminish,
5799,sleek,
5800,aplomb,
5801,character,
5802,chandeli,
5803,subdu,
5804,violoncello,
5805,stuf,
5806,wolf,
5807,exclam,
5808,contort,
5809,syllabl,
5810,verb,
5811,clown,
5812,scoundrelli,
5813,diabol,
5814,snakish,
5815,farc,
5816,disproportion,
5817,slim,
5818,mane,
5819,lion,
5820,jaw,
5821,unclench,
5822,today,
5823,involuntari,
5824,devotedli,
5825,sacrif,
5826,askanc,
5827,gainsaid,
5828,pent,
5829,undoubtedli,
5830,sympath,
5831,needle,
5832,percept,
5833,harsher,
5834,coarser,
5835,expressionless,
5836,nun,
5837,flunkey,
5838,restraint,
5839,bassoon,
5840,trombon,
5841,capon,
5842,perfum,
5843,prostitut,
5844,menial,
5845,ungener,
5846,spendthrift,
5847,loan,
5848,sluggish,
5849,extract,
5850,nostril,
5851,dilat,
5852,unjust,
5853,conspicu,
5854,placid,
5855,victoria,
5856,indig,
5857,inhumanli,
5858,unworthi,
5859,gout,
5860,kistunov,
5861,punctual,
5862,antediluvian,
5863,mantl,
5864,dung,
5865,petition,
5866,shtchukin,
5867,deduct,
5868,usag,
5869,dive,
5870,bori,
5871,matveyitch,
5872,influenti,
5873,assay,
5874,do,
5875,lorn,
5876,nikolaitch,
5877,overhaul,
5878,fibr,
5879,abli,
5880,migrain,
5881,resourc,
5882,karlitch,
5883,sauci,
5884,pest,
5885,prod,
5886,distractedli,
5887,affidavit,
5888,minc,
5889,coquettish,
5890,petchenyeg,
5891,abramitch,
5892,zhmuhin,
5893,transitori,
5894,provaly,
5895,donetz,
5896,manya,
5897,novo,
5898,tcherkask,
5899,briefli,
5900,dyuevka,
5901,disput,
5902,enclos,
5903,slit,
5904,mongolian,
5905,nomad,
5906,inroad,
5907,tenth,
5908,nicknam,
5909,orchard,
5910,younger,
5911,barehead,
5912,arc,
5913,cub,
5914,osipovna,
5915,spri,
5916,multitud,
5917,wasp,
5918,gee,
5919,unpaint,
5920,carpent,
5921,game,
5922,rust,
5923,beetroot,
5924,vegetarian,
5925,deni,
5926,multipli,
5927,meadow,
5928,thinker,
5929,abstain,
5930,sinewi,
5931,telephon,
5932,encamp,
5933,princess,
5934,cleaner,
5935,monday,
5936,gang,
5937,siberian,
5938,veterinari,
5939,scientif,
5940,precaut,
5941,hundredweight,
5942,dug,
5943,chink,
5944,gnat,
5945,thud,
5946,dipper,
5947,whack,
5948,sabr,
5949,chiefli,
5950,wateri,
5951,whiter,
5952,screech,
5953,hanker,
5954,weighti,
5955,impercept,
5956,haggard,
5957,bigger,
5958,pitiabl,
5959,nonent,
5960,unceasingli,
5961,incessantli,
5962,are,
5963,furious,
5964,control,
5965,gateway,
5966,cockerel,
5967,pigeon,
5968,velociped,
5969,syoma,
5970,nashatyrin,
5971,iniqu,
5972,druzhkov,
5973,crrr,
5974,ack,
5975,seam,
5976,drivel,
5977,okurin,
5978,improprieti,
5979,lilya,
5980,mila,
5981,kikin,
5982,nuisanc,
5983,nicer,
5984,suav,
5985,drawl,
5986,kiril,
5987,babilonov,
5988,afflict,
5989,poplavski,
5990,zapoikin,
5991,reader,
5992,impromptu,
5993,speechifi,
5994,evenli,
5995,abund,
5996,orator,
5997,dictionari,
5998,palav,
5999,pillar,
6000,whopper,
6001,pancak,
6002,chap,
6003,spout,
6004,rigmarol,
6005,cicero,
6006,grisha,
6007,aut,
6008,mortui,
6009,nihil,
6010,bene,
6011,gravesid,
6012,unweari,
6013,bee,
6014,hive,
6015,mirag,
6016,bloom,
6017,radiant,
6018,irremedi,
6019,osipitch,
6020,uniqu,
6021,disinterest,
6022,impervi,
6023,sought,
6024,seduct,
6025,strove,
6026,thine,
6027,toiler,
6028,quarel,
6029,hideou,
6030,husk,
6031,sarcasm,
6032,incorrupt,
6033,expati,
6034,exhibit,
6035,serg,
6036,kapitonich,
6037,ahineev,
6038,geographi,
6039,hire,
6040,din,
6041,mathemat,
6042,tarantulov,
6043,pasdequoi,
6044,junior,
6045,mzda,
6046,dodonski,
6047,passer,
6048,perceiv,
6049,preclud,
6050,goo,
6051,duck,
6052,odour,
6053,accessori,
6054,lick,
6055,jelli,
6056,caper,
6057,emit,
6058,ungreas,
6059,vankin,
6060,sergei,
6061,t達捉te,
6062,tett,
6063,marin,
6064,jaunti,
6065,blast,
6066,piquanc,
6067,turkeycock,
6068,improb,
6069,babe,
6070,strategi,
6071,avail,
6072,viciou,
6073,propens,
6074,visekin,
6075,rumor,
6076,flirt,
6077,swarm,
6078,mohammedan,
6079,icon,
6080,f達捉te,
6081,philanthrop,
6082,epiphani,
6083,rope,
6084,fir,
6085,flag,
6086,skate,
6087,toboggan,
6088,grandest,
6089,scale,
6090,distribut,
6091,band,
6092,lotteri,
6093,scheme,
6094,postpon,
6095,pavilion,
6096,gruzdev,
6097,bah,
6098,skater,
6099,eremeyev,
6100,pluck,
6101,slid,
6102,squeaki,
6103,nasal,
6104,deadli,
6105,strengthen,
6106,wedg,
6107,riddanc,
6108,savatin,
6109,mull,
6110,hottest,
6111,benedictin,
6112,unfair,
6113,expans,
6114,homeless,
6115,abid,
6116,pincer,
6117,wretched,
6118,hawker,
6119,shopboy,
6120,fox,
6121,mangi,
6122,threadbar,
6123,daze,
6124,glare,
6125,fleec,
6126,wagon,
6127,russo,
6128,tungus,
6129,agreement,
6130,carrier,
6131,trumpet,
6132,teapot,
6133,eyesight,
6134,oak,
6135,scanti,
6136,goat,
6137,dangl,
6138,listlessli,
6139,camp,
6140,syomushka,
6141,scarecrow,
6142,undergrowth,
6143,promin,
6144,zion,
6145,falsetto,
6146,monkish,
6147,brim,
6148,firelight,
6149,graze,
6150,lazaru,
6151,feodosi,
6152,win,
6153,moth,
6154,aspect,
6155,heathen,
6156,orthodox,
6157,makuhinski,
6158,brickyard,
6159,ananova,
6160,meddl,
6161,clergi,
6162,mi,
6163,polikarpitch,
6164,hover,
6165,hundredfold,
6166,uzelkov,
6167,marmot,
6168,svirebeyevski,
6169,shapkin,
6170,attorney,
6171,notori,
6172,cardsharp,
6173,kirpitchni,
6174,in,
6175,adroit,
6176,mobil,
6177,snack,
6178,stiller,
6179,humbler,
6180,tricki,
6181,ticklish,
6182,sofya,
6183,mihailovna,
6184,guilt,
6185,negoti,
6186,scoop,
6187,grab,
6188,at,
6189,port,
6190,fieri,
6191,eccentr,
6192,lo,
6193,bedlam,
6194,halv,
6195,antipathi,
6196,acacia,
6197,sunni,
6198,slab,
6199,marbl,
6200,sunlight,
6201,encount,
6202,moistur,
6203,furtiv,
6204,dissolut,
